Date,Country,Province,Confirmed,Recovered,Deaths,New Confirmed,New Recovered,New Death
2020/1/22,China,Anhui,1,0,0,1,0,0
2020/1/22,China,Zhejiang,10,0,0,10,0,0
2020/1/22,China,Yunnan,1,0,0,1,0,0
2020/1/22,China,Tianjin,4,0,0,4,0,0
2020/1/22,China,Taiwan,1,0,0,1,0,0
2020/1/22,China,Sichuan,5,0,0,5,0,0
2020/1/22,China,Shanghai,9,0,0,9,0,0
2020/1/22,China,Shandong,2,0,0,2,0,0
2020/1/22,China,Ningxia,1,0,0,1,0,0
2020/1/22,China,Liaoning,2,0,0,2,0,0
2020/1/22,China,Jilin,0,0,0,0,0,0
2020/1/22,China,Jiangxi,2,0,0,2,0,0
2020/1/22,China,Hunan,4,0,0,4,0,0
2020/1/22,China,Shanxi,1,0,0,1,0,0
2020/1/22,China,Hongkong,0,0,0,0,0,0
2020/1/22,China,Hubei,444,28,17,444,28,17
2020/1/22,China,Beijing,10,0,0,10,0,0
2020/1/22,China,Chongqing,6,0,0,6,0,0
2020/1/22,China,Fujian,1,0,0,1,0,0
2020/1/22,China,Guangxi,2,0,0,2,0,0
2020/1/22,China,Guangdong,26,0,0,26,0,0
2020/1/22,China,Guizhou,1,0,0,1,0,0
2020/1/22,China,Hainan,4,0,0,4,0,0
2020/1/22,China,Hebei,1,0,0,1,0,0
2020/1/22,China,Heilongjiang,0,0,0,0,0,0
2020/1/22,China,Henan,5,0,0,5,0,0
2020/1/23,China,Shandong,6,0,0,4,0,0
2020/1/23,China,Neimenggu,0,0,0,0,0,0
2020/1/23,China,Ningxia,1,0,0,0,0,0
2020/1/23,China,Shaanxi,3,0,0,3,0,0
2020/1/23,China,Liaoning,3,0,0,1,0,0
2020/1/23,China,Shanghai,16,0,0,7,0,0
2020/1/23,China,Yunnan,1,0,0,0,0,0
2020/1/23,China,Sichuan,8,0,0,3,0,0
2020/1/23,China,Taiwan,1,0,0,0,0,0
2020/1/23,China,Tianjin,4,0,0,0,0,0
2020/1/23,China,Xinjiang,2,0,0,2,0,0
2020/1/23,China,Zhejiang,27,0,0,17,0,0
2020/1/23,China,Jilin,1,0,0,1,0,0
2020/1/23,China,Shanxi,1,0,0,0,0,0
2020/1/23,China,Jiangxi,3,0,0,1,0,0
2020/1/23,China,Heilongjiang,2,0,0,2,0,0
2020/1/23,China,Hunan,9,0,0,5,0,0
2020/1/23,China,Jiangsu,5,0,0,5,0,0
2020/1/23,China,Anhui,9,0,0,8,0,0
2020/1/23,China,Beijing,22,0,0,12,0,0
2020/1/23,China,Chongqing,9,0,0,3,0,0
2020/1/23,China,Fujian,5,0,0,4,0,0
2020/1/23,China,Guangdong,32,2,0,6,2,0
2020/1/23,China,Guangxi,5,0,0,3,0,0
2020/1/23,China,Gansu,2,0,0,2,0,0
2020/1/23,China,Hainan,5,0,0,1,0,0
2020/1/23,China,Hebei,1,0,0,0,0,0
2020/1/23,China,Henan,5,0,0,0,0,0
2020/1/23,China,Hongkong,2,0,0,2,0,0
2020/1/23,China,Hubei,444,28,17,0,0,0
2020/1/23,China,Guizhou,3,0,0,2,0,0
2020/1/24,China,Shandong,15,0,0,9,0,0
2020/1/24,China,Liaoning,4,0,0,1,0,0
2020/1/24,China,Neimenggu,2,0,0,2,0,0
2020/1/24,China,Ningxia,2,0,0,1,0,0
2020/1/24,China,Qinghai,0,0,0,0,0,0
2020/1/24,China,Shaanxi,5,0,0,2,0,0
2020/1/24,China,Shanghai,20,1,0,4,1,0
2020/1/24,China,Zhejiang,43,1,0,16,1,0
2020/1/24,China,Sichuan,15,0,0,7,0,0
2020/1/24,China,Taiwan,1,0,0,0,0,0
2020/1/24,China,Tianjin,8,0,0,4,0,0
2020/1/24,China,Xinjiang,2,0,0,0,0,0
2020/1/24,China,Yunnan,5,0,0,4,0,0
2020/1/24,China,Jilin,3,0,0,2,0,0
2020/1/24,China,Shanxi,1,0,0,0,0,0
2020/1/24,China,Jiangxi,7,0,0,4,0,0
2020/1/24,China,Heilongjiang,4,0,1,2,0,1
2020/1/24,China,Hunan,24,0,0,15,0,0
2020/1/24,China,Anhui,15,0,0,6,0,0
2020/1/24,China,Beijing,36,1,0,14,1,0
2020/1/24,China,Chongqing,27,0,0,18,0,0
2020/1/24,China,Fujian,10,0,0,5,0,0
2020/1/24,China,Gansu,2,0,0,0,0,0
2020/1/24,China,Guangdong,53,2,0,21,0,0
2020/1/24,China,Guangxi,13,0,0,8,0,0
2020/1/24,China,Jiangsu,9,0,0,4,0,0
2020/1/24,China,Hainan,8,0,0,3,0,0
2020/1/24,China,Hebei,2,0,1,1,0,1
2020/1/24,China,Henan,9,0,0,4,0,0
2020/1/24,China,Hongkong,2,0,0,0,0,0
2020/1/24,China,Hubei,549,31,24,105,3,7
2020/1/24,China,Guizhou,3,0,0,0,0,0
2020/1/25,China,Jilin,4,0,0,1,0,0
2020/1/25,China,Liaoning,16,0,0,12,0,0
2020/1/25,China,Neimenggu,7,0,0,5,0,0
2020/1/25,China,Ningxia,3,0,0,1,0,0
2020/1/25,China,Qinghai,1,0,0,1,0,0
2020/1/25,China,Shaanxi,15,0,0,10,0,0
2020/1/25,China,Shandong,27,0,0,12,0,0
2020/1/25,China,Sichuan,28,0,0,13,0,0
2020/1/25,China,Shanxi,6,0,0,5,0,0
2020/1/25,China,Taiwan,3,0,0,2,0,0
2020/1/25,China,Tianjin,10,0,0,2,0,0
2020/1/25,China,Xinjiang,3,0,0,1,0,0
2020/1/25,China,Jiangxi,18,0,0,11,0,0
2020/1/25,China,Zhejiang,62,1,0,19,0,0
2020/1/25,China,Shanghai,33,1,0,13,0,0
2020/1/25,China,Yunnan,11,0,0,6,0,0
2020/1/25,China,Jiangsu,18,1,0,9,1,0
2020/1/25,China,Hubei,730,32,39,181,1,15
2020/1/25,China,Hunan,43,0,0,19,0,0
2020/1/25,China,Anhui,39,0,0,24,0,0
2020/1/25,China,Beijing,41,2,0,5,1,0
2020/1/25,China,Chongqing,57,0,0,30,0,0
2020/1/25,China,Gansu,4,0,0,2,0,0
2020/1/25,China,Guangdong,78,2,0,25,0,0
2020/1/25,China,Fujian,18,0,0,8,0,0
2020/1/25,China,Guizhou,4,0,0,1,0,0
2020/1/25,China,Hainan,19,0,0,11,0,0
2020/1/25,China,Hebei,8,0,1,6,0,0
2020/1/25,China,Heilongjiang,9,0,1,5,0,0
2020/1/25,China,Henan,32,0,0,23,0,0
2020/1/25,China,Hongkong,5,0,0,3,0,0
2020/1/25,China,Guangxi,23,0,0,10,0,0
2020/1/26,China,Shandong,46,0,0,19,0,0
2020/1/26,China,Liaoning,21,0,0,5,0,0
2020/1/26,China,Ningxia,4,0,0,1,0,0
2020/1/26,China,Qinghai,1,0,0,0,0,0
2020/1/26,China,Shaanxi,22,0,0,7,0,0
2020/1/26,China,Shanghai,40,1,1,7,0,1
2020/1/26,China,Jilin,4,0,0,0,0,0
2020/1/26,China,Sichuan,44,0,0,16,0,0
2020/1/26,China,Taiwan,4,0,0,1,0,0
2020/1/26,China,Tianjin,14,0,0,4,0,0
2020/1/26,China,Xinjiang,4,0,0,1,0,0
2020/1/26,China,Yunnan,16,0,0,5,0,0
2020/1/26,China,Zhejiang,104,1,0,42,0,0
2020/1/26,China,Shanxi,9,0,0,3,0,0
2020/1/26,China,Jiangxi,36,0,0,18,0,0
2020/1/26,China,Neimenggu,7,0,0,0,0,0
2020/1/26,China,Hunan,69,0,0,26,0,0
2020/1/26,China,Anhui,60,0,0,21,0,0
2020/1/26,China,Beijing,68,2,0,27,0,0
2020/1/26,China,Chongqing,75,0,0,18,0,0
2020/1/26,China,Fujian,35,0,0,17,0,0
2020/1/26,China,Guangdong,111,2,0,33,0,0
2020/1/26,China,Guangxi,36,0,0,13,0,0
2020/1/26,China,Guizhou,5,0,0,1,0,0
2020/1/26,China,Gansu,7,0,0,3,0,0
2020/1/26,China,Hebei,13,0,1,5,0,0
2020/1/26,China,Heilongjiang,15,0,1,6,0,0
2020/1/26,China,Henan,83,0,1,51,0,1
2020/1/26,China,Jiangsu,33,1,0,15,0,0
2020/1/26,China,Hongkong,5,0,0,0,0,0
2020/1/26,China,Hubei,1058,42,52,328,10,13
2020/1/26,China,Hainan,22,0,0,3,0,0
2020/1/27,China,Sichuan,69,0,0,25,0,0
2020/1/27,China,Qinghai,6,0,0,5,0,0
2020/1/27,China,Shaanxi,35,0,0,13,0,0
2020/1/27,China,Shandong,75,1,0,29,1,0
2020/1/27,China,Shanghai,53,3,1,13,2,0
2020/1/27,China,Shanxi,13,0,0,4,0,0
2020/1/27,China,Taiwan,5,0,0,1,0,0
2020/1/27,else,else,28,3,0,28,3,0
2020/1/27,China,Xinjiang,5,0,0,1,0,0
2020/1/27,China,Yunnan,26,0,0,10,0,0
2020/1/27,China,Zhejiang,128,1,0,24,0,0
2020/1/27,France,France,3,0,0,3,0,0
2020/1/27,Korea,Korea,4,0,0,4,0,0
2020/1/27,United States of America,United States of America,5,0,0,5,0,0
2020/1/27,China,Ningxia,7,0,0,3,0,0
2020/1/27,China,Tianjin,22,0,0,8,0,0
2020/1/27,China,Neimenggu,11,0,0,4,0,0
2020/1/27,China,Liaoning,27,0,0,6,0,0
2020/1/27,China,Anhui,70,0,0,10,0,0
2020/1/27,China,Jilin,6,0,0,2,0,0
2020/1/27,China,Beijing,80,2,1,12,0,1
2020/1/27,China,Chongqing,110,0,0,35,0,0
2020/1/27,China,Fujian,59,0,0,24,0,0
2020/1/27,China,Gansu,14,0,0,7,0,0
2020/1/27,China,Guangxi,46,0,0,10,0,0
2020/1/27,China,Guizhou,7,0,0,2,0,0
2020/1/27,China,Hainan,33,0,1,11,0,1
2020/1/27,China,Guangdong,151,3,0,40,1,0
2020/1/27,China,Heilongjiang,21,0,1,6,0,0
2020/1/27,China,Henan,128,0,1,45,0,0
2020/1/27,China,Hongkong,8,0,0,3,0,0
2020/1/27,China,Hubei,1423,47,76,365,5,24
2020/1/27,China,Hunan,100,0,0,31,0,0
2020/1/27,China,Jiangsu,47,1,0,14,0,0
2020/1/27,China,Jiangxi,48,1,0,12,1,0
2020/1/27,China,Hebei,18,0,1,5,0,0
2020/1/28,China,Sichuan,90,0,0,21,0,0
2020/1/28,else,else,40,6,0,12,3,0
2020/1/28,China,Qinghai,6,0,0,0,0,0
2020/1/28,China,Shaanxi,46,0,0,11,0,0
2020/1/28,China,Shandong,95,0,0,20,-1,0
2020/1/28,China,Shanghai,66,4,1,13,1,0
2020/1/28,China,Shanxi,20,0,0,7,0,0
2020/1/28,China,Taiwan,8,0,0,3,0,0
2020/1/28,China,Neimenggu,15,0,0,4,0,0
2020/1/28,China,Xinjiang,10,0,0,5,0,0
2020/1/28,China,Yunnan,44,0,0,18,0,0
2020/1/28,China,Zhejiang,173,3,0,45,2,0
2020/1/28,France,France,3,0,0,0,0,0
2020/1/28,Germany,Germany,1,0,0,1,0,0
2020/1/28,Korea,Korea,4,0,0,0,0,0
2020/1/28,United States of America,United States of America,5,0,0,0,0,0
2020/1/28,China,Tianjin,24,0,0,2,0,0
2020/1/28,China,Liaoning,34,0,0,7,0,0
2020/1/28,China,Ningxia,11,0,0,4,0,0
2020/1/28,China,Jiangxi,72,3,0,24,2,0
2020/1/28,China,Anhui,106,0,0,36,0,0
2020/1/28,China,Beijing,91,4,1,11,2,0
2020/1/28,China,Chongqing,132,0,0,22,0,0
2020/1/28,China,Fujian,80,0,0,21,0,0
2020/1/28,China,Gansu,19,0,0,5,0,0
2020/1/28,China,Guangdong,207,4,0,56,1,0
2020/1/28,China,Guangxi,51,2,0,5,2,0
2020/1/28,China,Guizhou,9,0,0,2,0,0
2020/1/28,China,Jilin,8,0,0,2,0,0
2020/1/28,China,Hebei,33,0,1,15,0,0
2020/1/28,China,Heilongjiang,30,0,1,9,0,0
2020/1/28,China,Henan,168,0,1,40,0,0
2020/1/28,China,Hongkong,8,0,0,0,0,0
2020/1/28,China,Hubei,2714,52,100,1291,5,24
2020/1/28,China,Hunan,143,0,0,43,0,0
2020/1/28,China,Jiangsu,70,1,0,23,0,0
2020/1/28,China,Hainan,40,0,1,7,0,0
2020/1/29,China,Ningxia,12,0,0,1,0,0
2020/1/29,China,Qinghai,6,0,0,0,0,0
2020/1/29,China,Shaanxi,56,0,0,10,0,0
2020/1/29,China,Shandong,130,1,0,35,1,0
2020/1/29,China,Shanghai,96,5,1,30,1,0
2020/1/29,China,Shanxi,27,1,0,7,1,0
2020/1/29,China,Sichuan,108,1,1,18,1,1
2020/1/29,China,Taiwan,8,0,0,0,0,0
2020/1/29,China,Yunnan,55,0,0,11,0,0
2020/1/29,China,Xinjiang,13,0,0,3,0,0
2020/1/29,China,Xizang,0,0,0,0,0,0
2020/1/29,China,Zhejiang,296,3,0,123,0,0
2020/1/29,France,France,4,0,0,1,0,0
2020/1/29,Germany,Germany,4,0,0,3,0,0
2020/1/29,Korea,Korea,4,0,0,0,0,0
2020/1/29,China,Neimenggu,16,0,0,1,0,0
2020/1/29,else,else,54,6,0,14,0,0
2020/1/29,China,Tianjin,27,0,0,3,0,0
2020/1/29,United States of America,United States of America,5,0,0,0,0,0
2020/1/29,China,Liaoning,39,1,0,5,1,0
2020/1/29,China,Jiangxi,109,3,0,37,0,0
2020/1/29,China,Jilin,9,0,0,1,0,0
2020/1/29,China,Anhui,152,2,0,46,2,0
2020/1/29,China,Beijing,111,4,1,20,0,0
2020/1/29,China,Chongqing,147,1,0,15,1,0
2020/1/29,China,Fujian,84,0,0,4,0,0
2020/1/29,China,Guangdong,277,5,0,70,1,0
2020/1/29,China,Guangxi,58,2,0,7,0,0
2020/1/29,China,Guizhou,9,1,0,0,1,0
2020/1/29,China,Gansu,24,0,0,5,0,0
2020/1/29,China,Hebei,48,0,1,15,0,0
2020/1/29,China,Heilongjiang,38,0,1,8,0,0
2020/1/29,China,Henan,206,1,2,38,1,1
2020/1/29,China,Hongkong,10,0,0,2,0,0
2020/1/29,China,Hubei,3554,87,125,840,35,25
2020/1/29,China,Hunan,221,0,0,78,0,0
2020/1/29,China,Jiangsu,99,1,0,29,0,0
2020/1/29,China,Hainan,43,0,1,3,0,0
2020/1/30,China,Taiwan,9,0,0,1,0,0
2020/1/30,China,Qinghai,8,0,0,2,0,0
2020/1/30,China,Shaanxi,63,0,0,7,0,0
2020/1/30,China,Shandong,158,1,0,28,0,0
2020/1/30,China,Shanghai,112,5,1,16,0,0
2020/1/30,China,Shanxi,35,1,0,8,0,0
2020/1/30,China,Sichuan,142,1,1,34,0,0
2020/1/30,China,Tianjin,31,0,0,4,0,0
2020/1/30,China,Ningxia,17,0,0,5,0,0
2020/1/30,China,Xizang,1,0,0,1,0,0
2020/1/30,China,Yunnan,70,0,0,15,0,0
2020/1/30,China,Zhejiang,428,4,0,132,1,0
2020/1/30,France,France,5,0,0,1,0,0
2020/1/30,Germany,Germany,4,0,0,0,0,0
2020/1/30,United States of America,United States of America,5,0,0,0,0,0
2020/1/30,else,else,65,8,0,11,2,0
2020/1/30,China,Xinjiang,14,0,0,1,0,0
2020/1/30,China,Neimenggu,18,0,0,2,0,0
2020/1/30,Korea,Korea,4,0,0,0,0,0
2020/1/30,China,Jilin,14,1,0,5,1,0
2020/1/30,China,Anhui,200,2,0,48,0,0
2020/1/30,China,Beijing,114,4,1,3,0,0
2020/1/30,China,Chongqing,182,1,0,35,0,0
2020/1/30,China,Fujian,101,0,0,17,0,0
2020/1/30,China,Gansu,26,0,0,2,0,0
2020/1/30,China,Guangdong,354,10,0,77,5,0
2020/1/30,China,Guangxi,78,2,0,20,0,0
2020/1/30,China,Guizhou,12,1,0,3,0,0
2020/1/30,China,Liaoning,41,1,0,2,0,0
2020/1/30,China,Hebei,65,0,1,17,0,0
2020/1/30,China,Jiangsu,129,1,0,30,0,0
2020/1/30,China,Hainan,46,1,1,3,1,0
2020/1/30,China,Hunan,277,2,0,56,2,0
2020/1/30,China,Jiangxi,162,5,0,53,2,0
2020/1/30,China,Hongkong,10,0,0,0,0,0
2020/1/30,China,Henan,278,2,2,72,1,0
2020/1/30,China,Heilongjiang,44,0,2,6,0,1
2020/1/30,China,Hubei,4903,90,162,1349,3,37
2020/1/31,China,Tianjin,32,0,0,1,0,0
2020/1/31,China,Qinghai,8,0,0,0,0,0
2020/1/31,China,Shaanxi,87,0,0,24,0,0
2020/1/31,China,Shandong,184,2,0,26,1,0
2020/1/31,China,Shanxi,39,1,0,4,0,0
2020/1/31,China,Sichuan,177,1,1,35,0,0
2020/1/31,China,Taiwan,10,0,0,1,0,0
2020/1/31,China,Xinjiang,17,0,0,3,0,0
2020/1/31,Germany,Germany,5,0,0,1,0,0
2020/1/31,China,Yunnan,83,1,0,13,1,0
2020/1/31,China,Zhejiang,538,14,0,110,10,0
2020/1/31,France,France,5,0,0,0,0,0
2020/1/31,China,Ningxia,21,0,0,4,0,0
2020/1/31,Italy,Italy,2,0,0,2,0,0
2020/1/31,Korea,Korea,11,0,0,7,0,0
2020/1/31,United States of America,United States of America,6,0,0,1,0,0
2020/1/31,else,else,82,8,0,17,0,0
2020/1/31,China,Xizang,1,0,0,0,0,0
2020/1/31,China,Neimenggu,20,1,0,2,1,0
2020/1/31,China,Shanghai,135,9,1,23,4,0
2020/1/31,China,Jilin,14,1,0,0,0,0
2020/1/31,China,Liaoning,48,1,0,7,0,0
2020/1/31,China,Beijing,139,5,1,25,1,0
2020/1/31,China,Chongqing,211,1,0,29,0,0
2020/1/31,China,Fujian,120,0,0,19,0,0
2020/1/31,China,Gansu,29,0,0,3,0,0
2020/1/31,China,Guangdong,436,11,0,82,1,0
2020/1/31,China,Guangxi,87,2,0,9,0,0
2020/1/31,China,Guizhou,29,2,0,17,1,0
2020/1/31,China,Hainan,52,1,1,6,0,0
2020/1/31,China,Anhui,237,3,0,37,1,0
2020/1/31,China,Heilongjiang,59,0,2,15,0,0
2020/1/31,China,Henan,352,3,2,74,1,0
2020/1/31,China,Hongkong,12,0,0,2,0,0
2020/1/31,China,Hubei,5806,141,204,903,51,42
2020/1/31,China,Hunan,332,2,0,55,0,0
2020/1/31,China,Jiangsu,168,5,0,39,4,0
2020/1/31,China,Jiangxi,240,7,0,78,2,0
2020/1/31,China,Hebei,82,0,1,17,0,0
2020/2/1,China,Shaanxi,101,0,0,14,0,0
2020/2/1,China,Shandong,206,3,0,22,1,0
2020/2/1,China,Shanghai,169,10,1,34,1,0
2020/2/1,else,else,97,9,0,15,1,0
2020/2/1,China,Sichuan,207,3,1,30,2,0
2020/2/1,China,Taiwan,10,0,0,0,0,0
2020/2/1,China,Tianjin,41,0,0,9,0,0
2020/2/1,China,Xinjiang,18,0,0,1,0,0
2020/2/1,France,France,6,0,0,1,0,0
2020/2/1,China,Yunnan,93,2,0,10,1,0
2020/2/1,China,Zhejiang,599,21,0,61,7,0
2020/2/1,Germany,Germany,1,0,0,-4,0,0
2020/2/1,Italy,Italy,2,0,0,0,0,0
2020/2/1,Korea,Korea,12,0,0,1,0,0
2020/2/1,Spain,Spain,7,0,0,7,0,0
2020/2/1,United States of America,United States of America,6,0,0,0,0,0
2020/2/1,China,Qinghai,9,0,0,1,0,0
2020/2/1,China,Xizang,1,0,0,0,0,0
2020/2/1,China,Neimenggu,23,1,0,3,0,0
2020/2/1,China,Shanxi,47,1,0,8,0,0
2020/2/1,China,Ningxia,26,0,0,5,0,0
2020/2/1,China,Anhui,297,5,0,60,2,0
2020/2/1,China,Beijing,168,9,1,29,4,0
2020/2/1,China,Chongqing,247,3,1,36,2,1
2020/2/1,China,Fujian,144,0,0,24,0,0
2020/2/1,China,Gansu,40,0,0,11,0,0
2020/2/1,China,Guangdong,535,14,0,99,3,0
2020/2/1,China,Guangxi,100,2,0,13,0,0
2020/2/1,China,Guizhou,29,2,0,0,0,0
2020/2/1,China,Hainan,62,1,1,10,0,0
2020/2/1,China,Liaoning,64,1,0,16,0,0
2020/2/1,China,Heilongjiang,80,2,2,21,2,0
2020/2/1,China,Henan,422,3,2,70,0,0
2020/2/1,China,Hongkong,13,0,0,1,0,0
2020/2/1,China,Hubei,7153,168,249,1347,27,45
2020/2/1,China,Hunan,389,8,0,57,6,0
2020/2/1,China,Jiangsu,202,6,0,34,1,0
2020/2/1,China,Jiangxi,286,9,0,46,2,0
2020/2/1,China,Jilin,17,1,0,3,0,0
2020/2/1,China,Hebei,96,0,1,14,0,0
2020/2/2,China,Taiwan,10,0,0,0,0,0
2020/2/2,China,Sichuan,231,11,1,24,8,0
2020/2/2,China,Shanxi,56,2,0,9,1,0
2020/2/2,China,Qinghai,11,0,0,2,0,0
2020/2/2,China,Shandong,230,6,0,24,3,0
2020/2/2,China,Shaanxi,116,0,0,15,0,0
2020/2/2,China,Tianjin,48,1,0,7,1,0
2020/2/2,China,Shanghai,182,10,1,13,0,0
2020/2/2,China,Xinjiang,21,0,0,3,0,0
2020/2/2,France,France,6,0,0,0,0,0
2020/2/2,China,Yunnan,105,3,0,12,1,0
2020/2/2,China,Zhejiang,661,32,0,62,11,0
2020/2/2,Germany,Germany,10,0,0,9,0,0
2020/2/2,Italy,Italy,2,0,0,0,0,0
2020/2/2,Korea,Korea,15,0,0,3,0,0
2020/2/2,Spain,Spain,7,0,0,0,0,0
2020/2/2,United States of America,United States of America,8,0,0,2,0,0
2020/2/2,China,Ningxia,28,0,0,2,0,0
2020/2/2,China,Xizang,1,0,0,0,0,0
2020/2/2,else,else,105,9,1,8,0,1
2020/2/2,China,Neimenggu,27,1,0,4,0,0
2020/2/2,China,Jilin,23,1,0,6,0,0
2020/2/2,China,Liaoning,70,1,0,6,0,0
2020/2/2,China,Anhui,340,7,0,43,2,0
2020/2/2,China,Beijing,191,9,1,23,0,0
2020/2/2,China,Chongqing,275,7,1,28,4,0
2020/2/2,China,Fujian,159,0,0,15,0,0
2020/2/2,China,Guangdong,632,15,0,97,1,0
2020/2/2,China,Guangxi,111,2,0,11,0,0
2020/2/2,China,Guizhou,38,2,0,9,0,0
2020/2/2,China,Gansu,40,3,0,0,3,0
2020/2/2,China,Hebei,104,3,1,8,3,0
2020/2/2,China,Hainan,64,4,1,2,3,0
2020/2/2,China,Jiangsu,236,7,0,34,1,0
2020/2/2,China,Hunan,463,16,0,74,8,0
2020/2/2,China,Hubei,9074,267,294,1921,99,45
2020/2/2,China,Jiangxi,333,12,0,47,3,0
2020/2/2,China,Henan,493,10,2,71,7,0
2020/2/2,China,Heilongjiang,95,2,2,15,0,0
2020/2/2,China,Hongkong,14,0,0,1,0,0
2020/2/3,China,Tianjin,60,1,0,12,0,0
2020/2/3,China,Shaanxi,128,0,0,12,0,0
2020/2/3,China,Shandong,259,7,0,29,1,0
2020/2/3,China,Shanghai,203,10,1,21,0,0
2020/2/3,China,Shanxi,66,2,0,10,0,0
2020/2/3,China,Sichuan,254,14,1,23,3,0
2020/2/3,China,Taiwan,10,0,0,0,0,0
2020/2/3,China,Xinjiang,24,0,0,3,0,0
2020/2/3,else,else,105,9,1,0,0,0
2020/2/3,China,Yunnan,114,5,0,9,2,0
2020/2/3,China,Zhejiang,724,43,0,63,11,0
2020/2/3,France,France,6,0,0,0,0,0
2020/2/3,Germany,Germany,10,0,0,0,0,0
2020/2/3,Italy,Italy,2,0,0,0,0,0
2020/2/3,Korea,Korea,15,0,0,0,0,0
2020/2/3,Spain,Spain,7,0,0,0,0,0
2020/2/3,United States of America,United States of America,9,0,0,1,0,0
2020/2/3,China,Xizang,1,0,0,0,0,0
2020/2/3,China,Qinghai,13,0,0,2,0,0
2020/2/3,China,Ningxia,31,1,0,3,1,0
2020/2/3,China,Liaoning,74,1,0,4,0,0
2020/2/3,China,Anhui,408,14,0,68,7,0
2020/2/3,China,Beijing,212,12,1,21,3,0
2020/2/3,China,Chongqing,312,8,2,37,1,1
2020/2/3,China,Fujian,179,1,0,20,1,0
2020/2/3,China,Gansu,51,3,0,11,0,0
2020/2/3,China,Guangdong,725,21,0,93,6,0
2020/2/3,China,Guangxi,127,7,0,16,5,0
2020/2/3,China,Guizhou,46,2,0,8,0,0
2020/2/3,China,Hainan,72,4,1,8,0,0
2020/2/3,China,Neimenggu,34,1,0,7,0,0
2020/2/3,China,Heilongjiang,121,2,2,26,0,0
2020/2/3,China,Henan,566,16,2,73,6,0
2020/2/3,China,Hongkong,15,0,0,1,0,0
2020/2/3,China,Hubei,11177,300,350,2103,33,56
2020/2/3,China,Hunan,521,22,0,58,6,0
2020/2/3,China,Jiangsu,271,8,0,35,1,0
2020/2/3,China,Jiangxi,391,18,0,58,6,0
2020/2/3,China,Jilin,31,1,0,8,0,0
2020/2/3,China,Hebei,113,3,1,9,0,0
2020/2/4,China,Tianjin,67,2,0,7,1,0
2020/2/4,China,Taiwan,11,0,0,1,0,0
2020/2/4,China,Sichuan,282,14,1,28,0,0
2020/2/4,China,Shaanxi,142,2,0,14,2,0
2020/2/4,China,Shandong,275,11,0,16,4,0
2020/2/4,China,Xinjiang,29,0,0,5,0,0
2020/2/4,China,Shanghai,219,12,1,16,2,0
2020/2/4,China,Xizang,1,0,0,0,0,0
2020/2/4,Germany,Germany,12,0,0,2,0,0
2020/2/4,China,Zhejiang,829,62,0,105,19,0
2020/2/4,France,France,6,0,0,0,0,0
2020/2/4,China,Qinghai,15,0,0,2,0,0
2020/2/4,Italy,Italy,2,0,0,0,0,0
2020/2/4,Korea,Korea,16,0,0,1,0,0
2020/2/4,Spain,Spain,7,0,0,0,0,0
2020/2/4,United States of America,United States of America,11,0,0,2,0,0
2020/2/4,else,else,126,9,1,21,0,0
2020/2/4,China,Yunnan,119,5,0,5,0,0
2020/2/4,China,Ningxia,34,1,0,3,0,0
2020/2/4,China,Shanxi,74,4,0,8,2,0
2020/2/4,China,Liaoning,81,2,0,7,1,0
2020/2/4,China,Anhui,480,20,0,72,6,0
2020/2/4,China,Beijing,228,23,1,16,11,0
2020/2/4,China,Chongqing,344,9,2,32,1,0
2020/2/4,China,Fujian,194,3,0,15,2,0
2020/2/4,China,Gansu,57,4,0,6,1,0
2020/2/4,China,Guangdong,813,30,0,88,9,0
2020/2/4,China,Guangxi,139,10,0,12,3,0
2020/2/4,China,Guizhou,58,2,0,12,0,0
2020/2/4,China,Hainan,80,5,1,8,1,0
2020/2/4,China,Neimenggu,35,1,0,1,0,0
2020/2/4,China,Heilongjiang,155,4,2,34,2,0
2020/2/4,China,Henan,675,27,2,109,11,0
2020/2/4,China,Hongkong,17,0,1,2,0,1
2020/2/4,China,Hubei,13522,397,414,2345,97,64
2020/2/4,China,Hunan,593,31,0,72,9,0
2020/2/4,China,Jiangsu,308,12,0,37,4,0
2020/2/4,China,Jiangxi,476,20,0,85,2,0
2020/2/4,China,Jilin,42,1,0,11,0,0
2020/2/4,China,Hebei,126,4,1,13,1,0
2020/2/5,China,Taiwan,11,0,0,0,0,0
2020/2/5,China,Sichuan,301,24,1,19,10,0
2020/2/5,China,Shanxi,81,5,0,7,1,0
2020/2/5,China,Qinghai,17,3,0,2,3,0
2020/2/5,China,Shandong,307,15,0,32,4,0
2020/2/5,China,Shaanxi,165,6,0,23,4,0
2020/2/5,China,Tianjin,69,2,1,2,0,1
2020/2/5,China,Shanghai,243,15,1,24,3,0
2020/2/5,China,Xinjiang,32,0,0,3,0,0
2020/2/5,France,France,6,0,0,0,0,0
2020/2/5,China,Yunnan,124,5,0,5,0,0
2020/2/5,China,Zhejiang,895,78,0,66,16,0
2020/2/5,Germany,Germany,12,0,0,0,0,0
2020/2/5,Italy,Italy,2,0,0,0,0,0
2020/2/5,Korea,Korea,19,0,0,3,0,0
2020/2/5,Spain,Spain,7,0,0,0,0,0
2020/2/5,United States of America,United States of America,11,0,0,0,0,0
2020/2/5,China,Ningxia,34,1,0,0,0,0
2020/2/5,China,Xizang,1,0,0,0,0,0
2020/2/5,else,else,144,9,1,18,0,0
2020/2/5,China,Neimenggu,42,3,0,7,2,0
2020/2/5,China,Jilin,54,2,0,12,1,0
2020/2/5,China,Anhui,530,23,0,50,3,0
2020/2/5,China,Beijing,253,24,1,25,1,0
2020/2/5,China,Chongqing,376,15,2,32,6,0
2020/2/5,China,Fujian,205,11,0,11,8,0
2020/2/5,China,Gansu,57,6,0,0,2,0
2020/2/5,China,Guangdong,895,49,0,82,19,0
2020/2/5,China,Guangxi,150,13,0,11,3,0
2020/2/5,China,Guizhou,64,9,1,6,7,1
2020/2/5,China,Liaoning,89,4,0,8,2,0
2020/2/5,China,Hebei,135,6,1,9,2,0
2020/2/5,China,Heilongjiang,190,7,2,35,3,0
2020/2/5,China,Henan,764,47,2,89,20,0
2020/2/5,China,Hongkong,21,0,1,4,0,0
2020/2/5,China,Hubei,16678,536,479,3156,139,65
2020/2/5,China,Hunan,661,54,0,68,23,0
2020/2/5,China,Jiangsu,341,23,0,33,11,0
2020/2/5,China,Jiangxi,548,27,0,72,7,0
2020/2/5,China,Hainan,91,5,1,11,0,0
2020/2/6,China,Taiwan,16,1,0,5,1,0
2020/2/6,China,Sichuan,321,31,1,20,7,0
2020/2/6,China,Shanxi,90,12,0,9,7,0
2020/2/6,China,Qinghai,18,3,0,1,0,0
2020/2/6,China,Shandong,347,27,0,40,12,0
2020/2/6,China,Shaanxi,173,9,0,8,3,0
2020/2/6,China,Tianjin,78,2,1,9,0,0
2020/2/6,China,Shanghai,257,25,1,14,10,0
2020/2/6,China,Xinjiang,36,0,0,4,0,0
2020/2/6,France,France,6,0,0,0,0,0
2020/2/6,China,Yunnan,133,7,0,9,2,0
2020/2/6,China,Zhejiang,954,94,0,59,16,0
2020/2/6,Germany,Germany,12,0,0,0,0,0
2020/2/6,Italy,Italy,2,0,0,0,0,0
2020/2/6,Korea,Korea,23,0,0,4,0,0
2020/2/6,Spain,Spain,7,0,0,0,0,0
2020/2/6,China,Ningxia,40,1,0,6,0,0
2020/2/6,else,else,159,9,1,15,0,0
2020/2/6,China,Xizang,1,0,0,0,0,0
2020/2/6,United States of America,United States of America,12,0,0,1,0,0
2020/2/6,China,Neimenggu,46,4,0,4,1,0
2020/2/6,China,Jilin,59,4,0,5,2,0
2020/2/6,China,Liaoning,94,5,0,5,1,0
2020/2/6,China,Anhui,591,34,0,61,11,0
2020/2/6,China,Beijing,274,31,1,21,7,0
2020/2/6,China,Chongqing,400,24,2,24,9,0
2020/2/6,China,Fujian,215,14,0,10,3,0
2020/2/6,China,Guangdong,970,69,0,75,20,0
2020/2/6,China,Guangxi,168,14,0,18,1,0
2020/2/6,China,Guizhou,71,6,1,7,-3,0
2020/2/6,China,Gansu,62,6,0,5,0,0
2020/2/6,China,Hebei,157,13,1,22,7,0
2020/2/6,China,Hainan,106,8,1,15,3,0
2020/2/6,China,Jiangsu,373,34,0,32,11,0
2020/2/6,China,Hunan,711,81,0,50,27,0
2020/2/6,China,Hubei,19665,712,549,2987,176,70
2020/2/6,China,Jiangxi,600,37,0,52,10,0
2020/2/6,China,Henan,851,56,2,87,9,0
2020/2/6,China,Heilongjiang,227,8,3,37,1,1
2020/2/6,China,Hongkong,24,0,1,3,0,0
2020/2/7,China,Xinjiang,39,0,0,3,0,0
2020/2/7,China,Shaanxi,184,17,0,11,8,0
2020/2/7,China,Shandong,386,37,0,39,10,0
2020/2/7,China,Shanghai,277,30,1,20,5,0
2020/2/7,China,Shanxi,96,15,0,6,3,0
2020/2/7,China,Taiwan,16,1,0,0,0,0
2020/2/7,China,Tianjin,81,2,1,3,0,0
2020/2/7,China,Xizang,1,0,0,0,0,0
2020/2/7,China,Qinghai,18,3,0,0,0,0
2020/2/7,China,Zhejiang,1006,123,0,52,29,0
2020/2/7,France,France,6,0,0,0,0,0
2020/2/7,Germany,Germany,12,0,0,0,0,0
2020/2/7,Italy,Italy,2,0,0,0,0,0
2020/2/7,Korea,Korea,24,1,0,1,1,0
2020/2/7,Spain,Spain,7,0,0,0,0,0
2020/2/7,United States of America,United States of America,12,0,0,0,0,0
2020/2/7,else,else,203,10,1,44,1,0
2020/2/7,China,Yunnan,136,13,0,3,6,0
2020/2/7,China,Ningxia,43,5,0,3,4,0
2020/2/7,China,Sichuan,344,42,1,23,11,0
2020/2/7,China,Liaoning,99,7,0,5,2,0
2020/2/7,China,Beijing,297,33,1,23,2,0
2020/2/7,China,Chongqing,415,31,2,15,7,0
2020/2/7,China,Fujian,224,20,0,9,6,0
2020/2/7,China,Gansu,67,9,0,5,3,0
2020/2/7,China,Guangdong,1034,88,1,64,19,1
2020/2/7,China,Guangxi,172,17,0,4,3,0
2020/2/7,China,Guizhou,81,6,1,10,0,0
2020/2/7,China,Hainan,117,10,2,11,2,1
2020/2/7,China,Hebei,172,22,1,15,9,0
2020/2/7,China,Anhui,665,47,0,74,13,0
2020/2/7,China,Henan,914,86,3,63,30,1
2020/2/7,China,Hongkong,25,0,1,1,0,0
2020/2/7,China,Neimenggu,50,5,0,4,1,0
2020/2/7,China,Hubei,22112,867,618,2447,155,69
2020/2/7,China,Hunan,772,112,0,61,31,0
2020/2/7,China,Jiangsu,408,43,0,35,9,0
2020/2/7,China,Jiangxi,661,45,0,61,8,0
2020/2/7,China,Jilin,65,4,1,6,0,1
2020/2/7,China,Heilongjiang,277,12,3,50,4,0
2020/2/8,China,Tianjin,88,4,1,7,2,0
2020/2/8,China,Taiwan,17,1,0,1,0,0
2020/2/8,China,Sichuan,364,60,1,20,18,0
2020/2/8,China,Shaanxi,195,20,0,11,3,0
2020/2/8,China,Shanghai,286,41,1,9,11,0
2020/2/8,China,Shandong,416,44,0,30,7,0
2020/2/8,China,Xinjiang,42,0,0,3,0,0
2020/2/8,China,Shanxi,104,20,0,8,5,0
2020/2/8,China,Xizang,1,0,0,0,0,0
2020/2/8,Germany,Germany,14,0,0,2,0,0
2020/2/8,China,Zhejiang,1048,175,0,42,52,0
2020/2/8,France,France,11,0,0,5,0,0
2020/2/8,Italy,Italy,3,0,0,1,0,0
2020/2/8,Korea,Korea,24,1,0,0,0,0
2020/2/8,Spain,Spain,7,0,0,0,0,0
2020/2/8,United States of America,United States of America,12,0,0,0,0,0
2020/2/8,else,else,227,18,1,24,8,0
2020/2/8,China,Qinghai,18,3,0,0,0,0
2020/2/8,China,Yunnan,138,17,0,2,4,0
2020/2/8,China,Ningxia,45,15,0,2,10,0
2020/2/8,China,Neimenggu,52,5,0,2,0,0
2020/2/8,China,Liaoning,105,8,0,6,1,0
2020/2/8,China,Anhui,733,59,0,68,12,0
2020/2/8,China,Beijing,315,34,2,18,1,1
2020/2/8,China,Chongqing,428,39,2,13,8,0
2020/2/8,China,Fujian,239,24,0,15,4,0
2020/2/8,China,Gansu,79,12,1,12,3,1
2020/2/8,China,Guangxi,183,17,0,11,0,0
2020/2/8,China,Guizhou,89,7,1,8,1,0
2020/2/8,China,Hainan,124,14,2,7,4,0
2020/2/8,China,Guangdong,1095,112,1,61,24,0
2020/2/8,China,Heilongjiang,295,13,5,18,1,2
2020/2/8,China,Hebei,195,30,1,23,8,0
2020/2/8,China,Jiangxi,698,55,0,37,10,0
2020/2/8,China,Jiangsu,439,51,0,31,8,0
2020/2/8,China,Hunan,803,156,1,31,44,1
2020/2/8,China,Jilin,69,4,1,4,0,0
2020/2/8,China,Hongkong,26,0,1,1,0,0
2020/2/8,China,Henan,981,116,4,67,30,1
2020/2/8,China,Hubei,24953,1218,699,2841,351,81
2020/2/9,China,Xinjiang,45,0,0,3,0,0
2020/2/9,China,Shaanxi,208,25,0,13,5,0
2020/2/9,China,Shandong,444,63,1,28,19,1
2020/2/9,China,Shanghai,293,44,1,7,3,0
2020/2/9,China,Shanxi,115,22,0,11,2,0
2020/2/9,China,Sichuan,386,71,1,22,11,0
2020/2/9,China,Taiwan,18,1,0,1,0,0
2020/2/9,China,Tianjin,90,4,1,2,0,0
2020/2/9,China,Xizang,1,0,0,0,0,0
2020/2/9,else,else,236,18,1,9,0,0
2020/2/9,China,Zhejiang,1075,201,0,27,26,0
2020/2/9,France,France,11,0,0,0,0,0
2020/2/9,Germany,Germany,14,0,0,0,0,0
2020/2/9,Italy,Italy,3,0,0,0,0,0
2020/2/9,Korea,Korea,25,3,0,1,2,0
2020/2/9,Spain,Spain,7,0,0,0,0,0
2020/2/9,United States of America,United States of America,12,0,0,0,0,0
2020/2/9,China,Qinghai,18,3,0,0,0,0
2020/2/9,China,Yunnan,141,18,0,3,1,0
2020/2/9,China,Ningxia,45,13,0,0,-2,0
2020/2/9,China,Neimenggu,54,5,0,2,0,0
2020/2/9,China,Liaoning,107,12,0,2,4,0
2020/2/9,China,Beijing,326,37,2,11,3,0
2020/2/9,China,Chongqing,450,50,2,22,11,0
2020/2/9,China,Fujian,250,35,0,11,11,0
2020/2/9,China,Gansu,79,15,1,0,3,0
2020/2/9,China,Guangdong,1131,141,1,36,29,0
2020/2/9,China,Guangxi,195,18,1,12,1,1
2020/2/9,China,Guizhou,99,7,1,10,0,0
2020/2/9,China,Hainan,131,19,3,7,5,1
2020/2/9,China,Anhui,779,72,1,46,13,1
2020/2/9,China,Heilongjiang,307,14,6,12,1,1
2020/2/9,China,Henan,1033,153,6,52,37,2
2020/2/9,China,Hongkong,29,0,1,3,0,0
2020/2/9,China,Hubei,27100,1480,780,2147,262,81
2020/2/9,China,Hunan,838,186,1,35,30,0
2020/2/9,China,Jiangsu,468,71,0,29,20,0
2020/2/9,China,Jiangxi,740,74,0,42,19,0
2020/2/9,China,Jilin,78,12,1,9,8,0
2020/2/9,China,Hebei,206,34,2,11,4,1
2020/2/10,China,Tianjin,95,8,1,5,4,0
2020/2/10,China,Taiwan,18,1,0,0,0,0
2020/2/10,China,Shandong,466,66,1,22,3,0
2020/2/10,China,Shanxi,119,25,0,4,3,0
2020/2/10,China,Shanghai,299,48,1,6,4,0
2020/2/10,China,Xinjiang,49,0,0,4,0,0
2020/2/10,China,Sichuan,405,80,1,19,9,0
2020/2/10,China,Xizang,1,0,0,0,0,0
2020/2/10,Italy,Italy,3,0,0,0,0,0
2020/2/10,China,Zhejiang,1092,242,0,17,41,0
2020/2/10,France,France,11,0,0,0,0,0
2020/2/10,Germany,Germany,14,0,0,0,0,0
2020/2/10,Korea,Korea,27,3,0,2,0,0
2020/2/10,Spain,Spain,2,0,0,-5,0,0
2020/2/10,United States of America,United States of America,12,0,0,0,0,0
2020/2/10,else,else,309,21,1,73,3,0
2020/2/10,China,Shaanxi,213,30,0,5,5,0
2020/2/10,China,Yunnan,149,19,0,8,1,0
2020/2/10,China,Qinghai,18,3,0,0,0,0
2020/2/10,China,Ningxia,49,13,0,4,0,0
2020/2/10,China,Anhui,830,88,3,51,16,2
2020/2/10,China,Neimenggu,58,5,0,4,0,0
2020/2/10,China,Beijing,337,44,2,11,7,0
2020/2/10,China,Chongqing,473,66,2,23,16,0
2020/2/10,China,Fujian,261,39,0,11,4,0
2020/2/10,China,Gansu,83,17,2,4,2,1
2020/2/10,China,Guangxi,210,24,1,15,6,0
2020/2/10,China,Guizhou,109,10,1,10,3,0
2020/2/10,China,Hainan,138,19,3,7,0,0
2020/2/10,China,Hebei,218,41,2,12,7,0
2020/2/10,China,Guangdong,1159,167,1,28,26,0
2020/2/10,China,Henan,1073,191,6,40,38,0
2020/2/10,China,Heilongjiang,331,30,7,24,16,1
2020/2/10,China,Jilin,80,13,1,2,1,0
2020/2/10,China,Jiangxi,771,105,1,31,31,1
2020/2/10,China,Jiangsu,492,81,0,24,10,0
2020/2/10,China,Liaoning,108,13,0,1,1,0
2020/2/10,China,Hubei,29631,1854,871,2531,374,91
2020/2/10,China,Hongkong,38,0,1,9,0,0
2020/2/10,China,Hunan,879,208,1,41,22,0
2020/2/11,China,Xinjiang,55,3,0,6,3,0
2020/2/11,China,Shaanxi,219,32,0,6,2,0
2020/2/11,China,Shandong,487,80,1,21,14,0
2020/2/11,China,Shanghai,303,52,1,4,4,0
2020/2/11,China,Shanxi,122,30,0,3,5,0
2020/2/11,China,Sichuan,417,85,1,12,5,0
2020/2/11,China,Taiwan,18,1,0,0,0,0
2020/2/11,China,Tianjin,105,10,2,10,2,1
2020/2/11,China,Xizang,1,0,0,0,0,0
2020/2/11,China,Qinghai,18,5,0,0,2,0
2020/2/11,China,Zhejiang,1117,270,0,25,28,0
2020/2/11,France,France,11,0,0,0,0,0
2020/2/11,Germany,Germany,14,0,0,0,0,0
2020/2/11,Italy,Italy,3,0,0,0,0,0
2020/2/11,Korea,Korea,28,3,0,1,0,0
2020/2/11,Spain,Spain,2,0,0,0,0,0
2020/2/11,United States of America,United States of America,13,0,0,1,0,0
2020/2/11,else,else,323,33,1,14,12,0
2020/2/11,China,Yunnan,153,20,0,4,1,0
2020/2/11,China,Ningxia,53,22,0,4,9,0
2020/2/11,China,Neimenggu,58,5,0,0,0,0
2020/2/11,China,Liaoning,111,19,0,3,6,0
2020/2/11,China,Anhui,860,105,4,30,17,1
2020/2/11,China,Beijing,342,48,3,5,4,1
2020/2/11,China,Chongqing,489,72,2,16,6,0
2020/2/11,China,Fujian,267,45,0,6,6,0
2020/2/11,China,Gansu,86,24,2,3,7,0
2020/2/11,China,Guangxi,215,33,1,5,9,0
2020/2/11,China,Guizhou,127,17,1,18,7,0
2020/2/11,China,Hainan,144,20,3,6,1,0
2020/2/11,China,Guangdong,1177,212,1,18,45,0
2020/2/11,China,Heilongjiang,360,28,8,29,-2,1
2020/2/11,China,Hebei,239,48,2,21,7,0
2020/2/11,China,Jiangxi,804,128,1,33,23,0
2020/2/11,China,Jiangsu,515,93,0,23,12,0
2020/2/11,China,Hunan,912,247,1,33,39,0
2020/2/11,China,Jilin,81,18,1,1,5,0
2020/2/11,China,Hongkong,49,0,1,11,0,0
2020/2/11,China,Henan,1105,218,7,32,27,1
2020/2/11,China,Hubei,31728,2310,974,2097,456,103
2020/2/12,China,Xinjiang,59,3,0,4,0,0
2020/2/12,China,Shaanxi,225,43,0,6,11,0
2020/2/12,China,Shandong,497,92,2,10,12,1
2020/2/12,China,Shanghai,311,57,1,8,5,0
2020/2/12,China,Shanxi,124,33,0,2,3,0
2020/2/12,China,Sichuan,436,92,1,19,7,0
2020/2/12,China,Taiwan,18,1,0,0,0,0
2020/2/12,China,Tianjin,112,11,2,7,1,0
2020/2/12,China,Xizang,1,1,0,0,1,0
2020/2/12,else,else,368,43,1,45,10,0
2020/2/12,China,Zhejiang,1131,321,0,14,51,0
2020/2/12,France,France,11,0,0,0,0,0
2020/2/12,Germany,Germany,16,0,0,2,0,0
2020/2/12,Italy,Italy,3,0,0,0,0,0
2020/2/12,Korea,Korea,28,4,0,0,1,0
2020/2/12,Spain,Spain,2,0,0,0,0,0
2020/2/12,United States of America,United States of America,13,3,0,0,3,0
2020/2/12,China,Qinghai,18,9,0,0,4,0
2020/2/12,China,Yunnan,154,26,0,1,6,0
2020/2/12,China,Ningxia,58,24,0,5,2,0
2020/2/12,China,Neimenggu,60,6,0,2,1,0
2020/2/12,China,Liaoning,116,20,1,5,1,1
2020/2/12,China,Beijing,352,56,3,10,8,0
2020/2/12,China,Chongqing,509,87,3,20,15,1
2020/2/12,China,Fujian,272,53,0,5,8,0
2020/2/12,China,Gansu,86,29,2,0,5,0
2020/2/12,China,Guangdong,1219,275,1,42,63,0
2020/2/12,China,Guangxi,222,32,1,7,-1,0
2020/2/12,China,Guizhou,133,18,1,6,1,0
2020/2/12,China,Hainan,157,27,3,13,7,0
2020/2/12,China,Anhui,889,127,4,29,22,0
2020/2/12,China,Heilongjiang,378,31,8,18,3,0
2020/2/12,China,Henan,1135,246,8,30,28,1
2020/2/12,China,Hongkong,50,1,1,1,1,0
2020/2/12,China,Hubei,33366,2686,1068,1638,376,94
2020/2/12,China,Hunan,946,304,2,34,57,1
2020/2/12,China,Jiangsu,543,125,0,28,32,0
2020/2/12,China,Jiangxi,844,152,1,40,24,0
2020/2/12,China,Jilin,83,22,1,2,4,0
2020/2/12,China,Hebei,251,54,2,12,6,0
2020/2/13,China,Tianjin,117,21,3,5,10,1
2020/2/13,China,Taiwan,18,1,0,0,0,0
2020/2/13,China,Shandong,509,105,2,12,13,0
2020/2/13,China,Shanxi,126,33,0,2,0,0
2020/2/13,China,Shanghai,315,62,1,4,5,0
2020/2/13,China,Xinjiang,63,6,1,4,3,1
2020/2/13,China,Sichuan,451,104,1,15,12,0
2020/2/13,China,Xizang,1,1,0,0,0,0
2020/2/13,Italy,Italy,3,0,0,0,0,0
2020/2/13,China,Zhejiang,1145,360,0,14,39,0
2020/2/13,France,France,11,0,0,0,0,0
2020/2/13,Germany,Germany,16,1,0,0,1,0
2020/2/13,Korea,Korea,28,7,0,0,3,0
2020/2/13,Spain,Spain,2,0,0,0,0,0
2020/2/13,United States of America,United States of America,14,3,0,1,0,0
2020/2/13,else,else,426,51,2,58,8,1
2020/2/13,China,Shaanxi,229,46,0,4,3,0
2020/2/13,China,Yunnan,156,27,0,2,1,0
2020/2/13,China,Qinghai,18,11,0,0,2,0
2020/2/13,China,Ningxia,64,24,0,6,0,0
2020/2/13,China,Anhui,910,157,5,21,30,1
2020/2/13,China,Beijing,366,69,3,14,13,0
2020/2/13,China,Chongqing,525,128,3,16,41,0
2020/2/13,China,Fujian,279,57,0,7,4,0
2020/2/13,China,Gansu,90,39,2,4,10,0
2020/2/13,China,Guangdong,1241,314,2,22,39,1
2020/2/13,China,Guangxi,222,33,2,0,1,1
2020/2/13,China,Guizhou,135,27,1,2,9,0
2020/2/13,China,Hainan,157,30,4,0,3,1
2020/2/13,China,Hebei,265,68,3,14,14,1
2020/2/13,China,Neimenggu,61,6,0,1,0,0
2020/2/13,China,Henan,1169,296,10,34,50,2
2020/2/13,China,Hongkong,53,1,1,3,0,0
2020/2/13,China,Hubei,48206,3459,1310,14840,773,242
2020/2/13,China,Hunan,968,339,2,22,35,0
2020/2/13,China,Jiangsu,570,139,0,27,14,0
2020/2/13,China,Jiangxi,872,170,1,28,18,0
2020/2/13,China,Jilin,84,24,1,1,2,0
2020/2/13,China,Liaoning,117,22,1,1,2,0
2020/2/13,China,Heilongjiang,395,33,9,17,2,1
2020/2/14,China,Tianjin,120,31,3,3,10,0
2020/2/14,China,Taiwan,18,2,0,0,1,0
2020/2/14,China,Sichuan,463,114,1,12,10,0
2020/2/14,China,Shaanxi,230,54,0,1,8,0
2020/2/14,China,Shanghai,318,90,1,3,28,0
2020/2/14,China,Shandong,523,136,2,14,31,0
2020/2/14,China,Xinjiang,65,6,1,2,0,0
2020/2/14,China,Shanxi,126,38,0,0,5,0
2020/2/14,China,Xizang,1,1,0,0,0,0
2020/2/14,Germany,Germany,16,1,0,0,0,0
2020/2/14,China,Zhejiang,1155,403,0,10,43,0
2020/2/14,France,France,11,0,0,0,0,0
2020/2/14,Italy,Italy,3,0,0,0,0,0
2020/2/14,Korea,Korea,28,7,0,0,0,0
2020/2/14,Spain,Spain,2,0,0,0,0,0
2020/2/14,United States of America,United States of America,15,3,0,1,0,0
2020/2/14,else,else,441,59,2,15,8,0
2020/2/14,China,Qinghai,18,11,0,0,0,0
2020/2/14,China,Yunnan,162,36,0,6,9,0
2020/2/14,China,Neimenggu,65,6,0,4,0,0
2020/2/14,China,Hunan,988,364,2,20,25,0
2020/2/14,China,Liaoning,119,29,1,2,7,0
2020/2/14,China,Anhui,934,193,6,24,36,1
2020/2/14,China,Beijing,372,80,3,6,11,0
2020/2/14,China,Chongqing,532,139,5,7,11,2
2020/2/14,China,Fujian,281,63,0,2,6,0
2020/2/14,China,Gansu,90,39,2,0,0,0
2020/2/14,China,Ningxia,67,24,0,3,0,0
2020/2/14,China,Guangxi,226,36,2,4,3,0
2020/2/14,China,Guizhou,140,28,1,5,1,0
2020/2/14,China,Hainan,159,43,4,2,13,0
2020/2/14,China,Guangdong,1261,362,2,20,48,0
2020/2/14,China,Heilongjiang,419,47,11,24,14,2
2020/2/14,China,Henan,1184,357,11,15,61,1
2020/2/14,China,Hongkong,56,1,1,3,0,0
2020/2/14,China,Hubei,51986,3900,1318,3780,441,8
2020/2/14,China,Jiangsu,593,157,0,23,18,0
2020/2/14,China,Jiangxi,900,187,1,28,17,0
2020/2/14,China,Jilin,86,25,1,2,1,0
2020/2/14,China,Hebei,283,87,3,18,19,0
2020/2/15,China,Tianjin,122,37,3,2,6,0
2020/2/15,China,Taiwan,18,2,0,0,0,0
2020/2/15,China,Sichuan,470,119,1,7,5,0
2020/2/15,China,Shaanxi,232,60,0,2,6,0
2020/2/15,China,Shanghai,326,124,1,8,34,0
2020/2/15,China,Shandong,532,156,2,9,20,0
2020/2/15,China,Xinjiang,70,10,1,5,4,0
2020/2/15,China,Shanxi,127,42,0,1,4,0
2020/2/15,China,Xizang,1,1,0,0,0,0
2020/2/15,China,Qinghai,18,13,0,0,2,0
2020/2/15,else,else,521,67,2,80,8,0
2020/2/15,China,Zhejiang,1162,428,0,7,25,0
2020/2/15,France,France,11,0,1,0,0,1
2020/2/15,Germany,Germany,16,1,0,0,0,0
2020/2/15,Italy,Italy,3,0,0,0,0,0
2020/2/15,Korea,Korea,28,7,0,0,0,0
2020/2/15,Spain,Spain,2,0,0,0,0,0
2020/2/15,United States of America,United States of America,15,3,0,0,0,0
2020/2/15,China,Yunnan,168,42,0,6,6,0
2020/2/15,China,Ningxia,70,33,0,3,9,0
2020/2/15,China,Guizhou,143,41,1,3,13,0
2020/2/15,China,Liaoning,119,31,1,0,2,0
2020/2/15,China,Neimenggu,68,7,0,3,1,0
2020/2/15,China,Anhui,950,221,6,16,28,0
2020/2/15,China,Beijing,375,98,4,3,18,1
2020/2/15,China,Chongqing,538,184,5,6,45,0
2020/2/15,China,Fujian,285,71,0,4,8,0
2020/2/15,China,Guangdong,1294,410,2,33,48,0
2020/2/15,China,Guangxi,235,44,2,9,8,0
2020/2/15,China,Hainan,162,39,4,3,-4,0
2020/2/15,China,Gansu,90,49,2,0,10,0
2020/2/15,China,Heilongjiang,425,68,11,6,21,0
2020/2/15,China,Hebei,291,101,3,8,14,0
2020/2/15,China,Jiangxi,913,210,1,13,23,0
2020/2/15,China,Jiangsu,604,186,0,11,29,0
2020/2/15,China,Hunan,1001,425,2,13,61,0
2020/2/15,China,Jilin,88,26,1,2,1,0
2020/2/15,China,Hongkong,56,1,1,0,0,0
2020/2/15,China,Henan,1212,391,13,28,34,2
2020/2/15,China,Hubei,54406,4821,1457,2420,921,139
2020/2/16,China,Xinjiang,71,12,1,1,2,0
2020/2/16,China,Shaanxi,236,71,0,4,11,0
2020/2/16,China,Shandong,537,173,2,5,17,0
2020/2/16,China,Shanghai,328,140,1,2,16,0
2020/2/16,China,Shanxi,128,49,0,1,7,0
2020/2/16,China,Sichuan,481,131,3,11,12,2
2020/2/16,China,Taiwan,20,2,1,2,0,1
2020/2/16,China,Tianjin,124,45,3,2,8,0
2020/2/16,China,Xizang,1,1,0,0,0,0
2020/2/16,else,else,616,90,2,95,23,0
2020/2/16,China,Zhejiang,1167,456,0,5,28,0
2020/2/16,France,France,12,4,1,1,4,0
2020/2/16,Germany,Germany,16,1,0,0,0,0
2020/2/16,Italy,Italy,3,0,0,0,0,0
2020/2/16,Korea,Korea,29,9,0,1,2,0
2020/2/16,Spain,Spain,2,0,0,0,0,0
2020/2/16,United States of America,United States of America,15,3,0,0,0,0
2020/2/16,China,Qinghai,18,13,0,0,0,0
2020/2/16,China,Yunnan,171,42,0,3,0,0
2020/2/16,China,Ningxia,70,33,0,0,0,0
2020/2/16,China,Neimenggu,70,8,0,2,1,0
2020/2/16,China,Anhui,962,255,6,12,34,0
2020/2/16,China,Macau,10,5,0,10,5,0
2020/2/16,China,Beijing,380,108,4,5,10,0
2020/2/16,China,Chongqing,547,187,5,9,3,0
2020/2/16,China,Fujian,287,82,0,2,11,0
2020/2/16,China,Gansu,90,54,2,0,5,0
2020/2/16,China,Guangdong,1316,465,2,22,55,0
2020/2/16,China,Guizhou,144,46,1,1,5,0
2020/2/16,China,Hainan,162,52,4,0,13,0
2020/2/16,China,Hebei,300,105,3,9,4,0
2020/2/16,China,Guangxi,237,49,2,2,5,0
2020/2/16,China,Henan,1231,440,13,19,49,0
2020/2/16,China,Heilongjiang,445,79,11,20,11,0
2020/2/16,China,Jilin,89,30,1,1,4,0
2020/2/16,China,Jiangxi,925,240,1,12,30,0
2020/2/16,China,Jiangsu,617,218,0,13,32,0
2020/2/16,China,Liaoning,121,40,1,2,9,0
2020/2/16,China,Hubei,56249,5666,1596,1843,845,139
2020/2/16,China,Hongkong,56,1,1,0,0,0
2020/2/16,China,Hong Kong,57,2,1,57,2,1
2020/2/16,China,Hunan,1004,464,3,3,39,1
2020/2/17,China,Xinjiang,75,12,1,4,0,0
2020/2/17,China,Shaanxi,240,79,0,4,8,0
2020/2/17,China,Shandong,541,191,2,4,18,0
2020/2/17,China,Shanghai,332,161,1,4,21,0
2020/2/17,China,Shanxi,129,51,0,1,2,0
2020/2/17,China,Sichuan,495,156,3,14,25,0
2020/2/17,China,Taiwan,22,2,1,2,0,0
2020/2/17,China,Tianjin,125,46,3,1,1,0
2020/2/17,China,Xizang,1,1,0,0,0,0
2020/2/17,China,Qinghai,18,13,0,0,0,0
2020/2/17,China,Zhejiang,1171,507,0,4,51,0
2020/2/17,France,France,12,4,1,0,0,0
2020/2/17,Germany,Germany,16,1,0,0,0,0
2020/2/17,Italy,Italy,3,0,0,0,0,0
2020/2/17,Korea,Korea,30,9,0,1,0,0
2020/2/17,Spain,Spain,2,0,0,0,0,0
2020/2/17,United States of America,United States of America,15,3,0,0,0,0
2020/2/17,else,else,722,97,2,106,7,0
2020/2/17,China,Yunnan,171,47,0,0,5,0
2020/2/17,China,Ningxia,70,35,0,0,2,0
2020/2/17,China,Neimenggu,72,8,0,2,0,0
2020/2/17,China,Anhui,973,280,6,11,25,0
2020/2/17,China,Beijing,381,114,4,1,6,0
2020/2/17,China,Chongqing,552,214,5,5,27,0
2020/2/17,China,Fujian,290,90,0,3,8,0
2020/2/17,China,Gansu,91,58,2,1,4,0
2020/2/17,China,Guangdong,1322,524,4,6,59,2
2020/2/17,China,Guangxi,238,53,2,1,4,0
2020/2/17,China,Guizhou,146,57,1,2,11,0
2020/2/17,China,Hainan,163,59,4,1,7,0
2020/2/17,China,Hebei,301,122,3,1,17,0
2020/2/17,China,Macau,10,5,0,0,0,0
2020/2/17,China,Henan,1246,509,16,15,69,3
2020/2/17,China,Hong Kong,58,2,1,1,0,0
2020/2/17,China,Hongkong,56,1,1,0,0,0
2020/2/17,China,Hubei,58182,6693,1696,1933,1027,100
2020/2/17,China,Hunan,1006,498,3,2,34,0
2020/2/17,China,Jiangsu,626,258,0,9,40,0
2020/2/17,China,Jiangxi,930,275,1,5,35,0
2020/2/17,China,Jilin,89,34,1,0,4,0
2020/2/17,China,Liaoning,121,43,1,0,3,0
2020/2/17,China,Heilongjiang,457,85,11,12,6,0
2020/2/18,China,Taiwan,22,2,1,0,0,0
2020/2/18,China,Sichuan,508,169,3,13,13,0
2020/2/18,China,Shanxi,130,60,0,1,9,0
2020/2/18,China,Qinghai,18,15,0,0,2,0
2020/2/18,China,Shandong,543,211,3,2,20,1
2020/2/18,China,Shaanxi,240,89,0,0,10,0
2020/2/18,China,Tianjin,128,48,3,3,2,0
2020/2/18,China,Shanghai,333,177,1,1,16,0
2020/2/18,China,Xinjiang,76,12,1,1,0,0
2020/2/18,Germany,Germany,16,1,0,0,0,0
2020/2/18,China,Yunnan,172,57,0,1,10,0
2020/2/18,China,Zhejiang,1172,535,0,1,28,0
2020/2/18,France,France,12,4,1,0,0,0
2020/2/18,Italy,Italy,3,0,0,0,0,0
2020/2/18,Korea,Korea,30,12,0,0,3,0
2020/2/18,Spain,Spain,2,0,0,0,0,0
2020/2/18,United States of America,United States of America,15,3,0,0,0,0
2020/2/18,else,else,822,98,2,100,1,0
2020/2/18,China,Ningxia,70,42,0,0,7,0
2020/2/18,China,Xizang,1,1,0,0,0,0
2020/2/18,China,Macau,10,5,0,0,0,0
2020/2/18,China,Hubei,59989,7943,1789,1807,1250,93
2020/2/18,China,Liaoning,121,53,1,0,10,0
2020/2/18,China,Anhui,982,361,6,9,81,0
2020/2/18,China,Beijing,387,122,4,6,8,0
2020/2/18,China,Chongqing,553,235,5,1,21,0
2020/2/18,China,Fujian,292,93,0,2,3,0
2020/2/18,China,Gansu,91,62,2,0,4,0
2020/2/18,China,Neimenggu,73,8,0,1,0,0
2020/2/18,China,Guangxi,242,69,2,4,16,0
2020/2/18,China,Guizhou,146,66,2,0,9,1
2020/2/18,China,Hainan,163,79,4,0,20,0
2020/2/18,China,Guangdong,1328,565,4,6,41,0
2020/2/18,China,Heilongjiang,464,111,11,7,26,0
2020/2/18,China,Hebei,302,136,4,1,14,1
2020/2/18,China,Jiangxi,933,310,1,3,35,0
2020/2/18,China,Jiangsu,629,280,0,3,22,0
2020/2/18,China,Hunan,1007,527,4,1,29,1
2020/2/18,China,Jilin,89,36,1,0,2,0
2020/2/18,China,Hongkong,56,1,1,0,0,0
2020/2/18,China,Hong Kong,62,2,1,4,0,0
2020/2/18,China,Henan,1257,522,19,11,13,3
2020/2/19,China,Qinghai,18,16,0,0,1,0
2020/2/19,China,Shaanxi,242,102,0,2,13,0
2020/2/19,China,Shandong,544,231,3,1,20,0
2020/2/19,China,Shanghai,333,186,2,0,9,1
2020/2/19,China,Shanxi,131,63,0,1,3,0
2020/2/19,China,Sichuan,514,188,3,6,19,0
2020/2/19,China,Taiwan,23,2,1,1,0,0
2020/2/19,China,Tianjin,130,54,3,2,6,0
2020/2/19,China,Xinjiang,76,20,1,0,8,0
2020/2/19,China,Ningxia,71,42,0,1,0,0
2020/2/19,China,Yunnan,173,60,1,1,3,1
2020/2/19,China,Zhejiang,1174,604,0,2,69,0
2020/2/19,France,France,12,4,1,0,0,0
2020/2/19,Germany,Germany,16,1,0,0,0,0
2020/2/19,Italy,Italy,3,0,0,0,0,0
2020/2/19,Korea,Korea,51,16,0,21,4,0
2020/2/19,Spain,Spain,2,2,0,0,2,0
2020/2/19,else,else,918,118,2,96,20,0
2020/2/19,United States of America,United States of America,15,3,0,0,0,0
2020/2/19,China,Xizang,1,1,0,0,0,0
2020/2/19,China,Neimenggu,75,10,0,2,2,0
2020/2/19,China,Beijing,393,147,4,6,25,0
2020/2/19,China,Liaoning,121,55,1,0,2,0
2020/2/19,China,Macau,10,5,0,0,0,0
2020/2/19,China,Anhui,986,413,6,4,52,0
2020/2/19,China,Chongqing,555,254,5,2,19,0
2020/2/19,China,Fujian,293,112,0,1,19,0
2020/2/19,China,Gansu,91,65,2,0,3,0
2020/2/19,China,Guangxi,244,86,2,2,17,0
2020/2/19,China,Guizhou,146,70,2,0,4,0
2020/2/19,China,Hainan,163,84,4,0,5,0
2020/2/19,China,Hebei,306,152,4,4,16,0
2020/2/19,China,Guangdong,1331,606,5,3,41,1
2020/2/19,China,Henan,1262,573,19,5,51,0
2020/2/19,China,Heilongjiang,470,120,12,6,9,1
2020/2/19,China,Jiangxi,934,362,1,1,52,0
2020/2/19,China,Jiangsu,631,318,0,2,38,0
2020/2/19,China,Hunan,1008,561,4,1,34,0
2020/2/19,China,Jilin,90,37,1,1,1,0
2020/2/19,China,Hongkong,56,1,1,0,0,0
2020/2/19,China,Hong Kong,63,5,2,1,3,1
2020/2/19,China,Hubei,61682,9336,1921,1693,1393,132
2020/2/20,China,Xinjiang,76,22,1,0,2,0
2020/2/20,China,Shaanxi,245,118,1,3,16,1
2020/2/20,China,Shandong,546,254,4,2,23,1
2020/2/20,China,Shanghai,334,199,2,1,13,0
2020/2/20,China,Shanxi,131,73,0,0,10,0
2020/2/20,China,Sichuan,520,217,3,6,29,0
2020/2/20,China,Taiwan,24,2,1,1,0,0
2020/2/20,China,Tianjin,131,59,3,1,5,0
2020/2/20,China,Xizang,1,1,0,0,0,0
2020/2/20,else,else,931,118,4,13,0,2
2020/2/20,China,Zhejiang,1175,633,1,1,29,1
2020/2/20,France,France,12,4,1,0,0,0
2020/2/20,Germany,Germany,16,1,0,0,0,0
2020/2/20,Iran,Iran,2,0,2,2,0,2
2020/2/20,Italy,Italy,3,0,0,0,0,0
2020/2/20,Korea,Korea,104,16,1,53,0,1
2020/2/20,Spain,Spain,2,2,0,0,0,0
2020/2/20,United States of America,United States of America,15,3,0,0,0,0
2020/2/20,China,Qinghai,18,16,0,0,0,0
2020/2/20,China,Yunnan,173,79,1,0,19,0
2020/2/20,China,Ningxia,71,44,0,0,2,0
2020/2/20,China,Neimenggu,75,16,0,0,6,0
2020/2/20,China,Macau,10,6,0,0,1,0
2020/2/20,China,Beijing,395,153,4,2,6,0
2020/2/20,China,Chongqing,560,274,5,5,20,0
2020/2/20,China,Fujian,293,126,1,0,14,1
2020/2/20,China,Gansu,91,71,2,0,6,0
2020/2/20,China,Guangdong,1332,642,5,1,36,0
2020/2/20,China,Guangxi,245,90,2,1,4,0
2020/2/20,China,Guizhou,146,72,2,0,2,0
2020/2/20,China,Hainan,168,86,4,5,2,0
2020/2/20,China,Hebei,307,169,5,1,17,1
2020/2/20,China,Anhui,987,474,6,1,61,0
2020/2/20,China,Henan,1265,637,19,3,64,0
2020/2/20,China,Hong Kong,67,6,2,4,1,0
2020/2/20,China,Hongkong,56,1,1,0,0,0
2020/2/20,China,Hubei,62031,10521,2029,349,1185,108
2020/2/20,China,Hunan,1010,634,4,2,73,0
2020/2/20,China,Jiangsu,631,356,0,0,38,0
2020/2/20,China,Jiangxi,934,433,1,0,71,0
2020/2/20,China,Jilin,91,43,1,1,6,0
2020/2/20,China,Liaoning,121,59,1,0,4,0
2020/2/20,China,Heilongjiang,476,136,12,6,16,0
2020/2/21,China,Tianjin,132,62,3,1,3,0
2020/2/21,China,Taiwan,26,2,1,2,0,0
2020/2/21,China,Sichuan,525,231,3,5,14,0
2020/2/21,China,Shaanxi,245,134,1,0,16,0
2020/2/21,China,Shanghai,334,211,2,0,12,0
2020/2/21,China,Shandong,749,281,4,203,27,0
2020/2/21,China,Xinjiang,76,24,1,0,2,0
2020/2/21,China,Shanxi,132,76,0,1,3,0
2020/2/21,China,Xizang,1,1,0,0,0,0
2020/2/21,Iran,Iran,18,0,4,16,0,2
2020/2/21,China,Zhejiang,1203,679,1,28,46,0
2020/2/21,France,France,12,4,1,0,0,0
2020/2/21,Germany,Germany,16,7,0,0,6,0
2020/2/21,Italy,Italy,3,0,0,0,0,0
2020/2/21,Korea,Korea,204,16,2,100,0,1
2020/2/21,Spain,Spain,2,2,0,0,0,0
2020/2/21,United States of America,United States of America,15,3,0,0,0,0
2020/2/21,else,else,955,141,4,24,23,0
2020/2/21,China,Qinghai,18,18,0,0,2,0
2020/2/21,China,Yunnan,174,96,2,1,17,1
2020/2/21,China,Ningxia,71,48,0,0,4,0
2020/2/21,China,Anhui,988,539,6,1,65,0
2020/2/21,China,Macau,10,6,0,0,0,0
2020/2/21,China,Neimenggu,75,17,0,0,1,0
2020/2/21,China,Beijing,396,169,4,1,16,0
2020/2/21,China,Chongqing,567,299,6,7,25,1
2020/2/21,China,Fujian,293,149,1,0,23,0
2020/2/21,China,Gansu,91,76,2,0,5,0
2020/2/21,China,Guangdong,1333,690,5,1,48,0
2020/2/21,China,Guizhou,146,77,2,0,5,0
2020/2/21,China,Hainan,168,95,4,0,9,0
2020/2/21,China,Hebei,308,184,5,1,15,0
2020/2/21,China,Guangxi,246,97,2,1,7,0
2020/2/21,China,Henan,1267,736,19,2,99,0
2020/2/21,China,Heilongjiang,479,175,12,3,39,0
2020/2/21,China,Jilin,91,45,1,0,2,0
2020/2/21,China,Jiangxi,934,489,1,0,56,0
2020/2/21,China,Jiangsu,631,373,0,0,17,0
2020/2/21,China,Liaoning,121,61,1,0,2,0
2020/2/21,China,Hubei,62662,11881,2144,631,1360,115
2020/2/21,China,Hongkong,56,1,1,0,0,0
2020/2/21,China,Hong Kong,68,5,2,1,-1,0
2020/2/21,China,Hunan,1011,661,4,1,27,0
2020/2/22,China,Xinjiang,76,25,2,0,1,1
2020/2/22,China,Qinghai,18,18,0,0,0,0
2020/2/22,China,Shaanxi,245,149,1,0,15,0
2020/2/22,China,Shanghai,335,227,3,1,16,1
2020/2/22,China,Shanxi,132,79,0,0,3,0
2020/2/22,China,Sichuan,526,250,3,1,19,0
2020/2/22,China,Taiwan,26,2,1,0,0,0
2020/2/22,China,Tianjin,135,65,3,3,3,0
2020/2/22,China,Xizang,1,1,0,0,0,0
2020/2/22,China,Ningxia,71,48,0,0,0,0
2020/2/22,China,Zhejiang,1205,719,1,2,40,0
2020/2/22,France,France,12,4,1,0,0,0
2020/2/22,Germany,Germany,16,7,0,0,0,0
2020/2/22,Iran,Iran,28,0,5,10,0,1
2020/2/22,Italy,Italy,20,0,2,17,0,2
2020/2/22,Korea,Korea,433,16,2,229,0,0
2020/2/22,Spain,Spain,2,2,0,0,0,0
2020/2/22,United States of America,United States of America,35,3,0,20,0,0
2020/2/22,else,else,982,141,4,27,0,0
2020/2/22,China,Yunnan,174,107,2,0,11,0
2020/2/22,China,Neimenggu,75,23,0,0,6,0
2020/2/22,China,Shandong,750,302,4,1,21,0
2020/2/22,China,Liaoning,121,66,1,0,5,0
2020/2/22,China,Beijing,399,178,4,3,9,0
2020/2/22,China,Chongqing,572,316,6,5,17,0
2020/2/22,China,Fujian,293,162,1,0,13,0
2020/2/22,China,Gansu,91,76,2,0,0,0
2020/2/22,China,Guangdong,1339,728,5,6,38,0
2020/2/22,China,Guangxi,249,104,2,3,7,0
2020/2/22,China,Guizhou,146,90,2,0,13,0
2020/2/22,China,Hainan,168,104,4,0,9,0
2020/2/22,China,Hebei,309,203,6,1,19,1
2020/2/22,China,Anhui,989,597,6,1,58,0
2020/2/22,China,Henan,1270,830,19,3,94,0
2020/2/22,China,Hong Kong,69,6,2,1,1,0
2020/2/22,China,Hongkong,56,1,1,0,0,0
2020/2/22,China,Hubei,63454,13690,2250,792,1809,106
2020/2/22,China,Hunan,1013,692,4,2,31,0
2020/2/22,China,Jiangsu,631,401,0,0,28,0
2020/2/22,China,Macau,10,6,0,0,0,0
2020/2/22,China,Jiangxi,934,555,1,0,66,0
2020/2/22,China,Jilin,91,52,1,0,7,0
2020/2/22,China,Heilongjiang,479,204,12,0,29,0
2020/2/23,China,Taiwan,28,2,1,2,0,0
2020/2/23,China,Sichuan,526,261,3,0,11,0
2020/2/23,China,Shanxi,132,89,0,0,10,0
2020/2/23,China,Qinghai,18,18,0,0,0,0
2020/2/23,China,Shandong,754,321,4,4,19,0
2020/2/23,China,Shaanxi,245,163,1,0,14,0
2020/2/23,China,Tianjin,135,81,3,0,16,0
2020/2/23,China,Shanghai,335,249,3,0,22,0
2020/2/23,China,Xinjiang,76,28,2,0,3,0
2020/2/23,Germany,Germany,16,7,0,0,0,0
2020/2/23,China,Yunnan,174,115,2,0,8,0
2020/2/23,China,Zhejiang,1205,760,1,0,41,0
2020/2/23,France,France,12,4,1,0,0,0
2020/2/23,Iran,Iran,43,0,8,15,0,3
2020/2/23,Italy,Italy,117,1,2,97,1,0
2020/2/23,Korea,Korea,602,16,6,169,0,4
2020/2/23,Spain,Spain,2,2,0,0,0,0
2020/2/23,United States of America,United States of America,35,3,0,0,0,0
2020/2/23,China,Ningxia,71,56,0,0,8,0
2020/2/23,China,Xizang,1,1,0,0,0,0
2020/2/23,China,Neimenggu,75,27,0,0,4,0
2020/2/23,else,else,1057,159,5,75,18,1
2020/2/23,China,Liaoning,121,73,1,0,7,0
2020/2/23,China,Anhui,989,637,6,0,40,0
2020/2/23,China,Beijing,399,189,4,0,11,0
2020/2/23,China,Chongqing,573,328,6,1,12,0
2020/2/23,China,Fujian,293,170,1,0,8,0
2020/2/23,China,Gansu,91,78,2,0,2,0
2020/2/23,China,Guangdong,1342,755,6,3,27,1
2020/2/23,China,Guangxi,249,106,2,0,2,0
2020/2/23,China,Guizhou,146,102,2,0,12,0
2020/2/23,China,Hainan,168,106,4,0,2,0
2020/2/23,China,Macau,10,6,0,0,0,0
2020/2/23,China,Heilongjiang,480,222,12,1,18,0
2020/2/23,China,Henan,1271,868,19,1,38,0
2020/2/23,China,Hong Kong,74,11,2,5,5,0
2020/2/23,China,Hongkong,56,1,1,0,0,0
2020/2/23,China,Hubei,64084,15343,2346,630,1653,96
2020/2/23,China,Hunan,1016,714,4,3,22,0
2020/2/23,China,Jiangsu,631,418,0,0,17,0
2020/2/23,China,Jiangxi,934,613,1,0,58,0
2020/2/23,China,Jilin,91,54,1,0,2,0
2020/2/23,China,Hebei,311,219,6,2,16,0
2020/2/24,China,Taiwan,30,5,1,2,3,0
2020/2/24,China,Sichuan,527,276,3,1,15,0
2020/2/24,China,Shanxi,132,91,0,0,2,0
2020/2/24,China,Qinghai,18,18,0,0,0,0
2020/2/24,China,Shandong,755,343,5,1,22,1
2020/2/24,China,Shaanxi,245,173,1,0,10,0
2020/2/24,China,Tianjin,135,87,3,0,6,0
2020/2/24,China,Shanghai,335,261,3,0,12,0
2020/2/24,China,Xinjiang,76,30,2,0,2,0
2020/2/24,Germany,Germany,16,14,0,0,7,0
2020/2/24,China,Yunnan,174,128,2,0,13,0
2020/2/24,China,Zhejiang,1205,782,1,0,22,0
2020/2/24,France,France,12,4,1,0,0,0
2020/2/24,Iran,Iran,61,0,12,18,0,4
2020/2/24,Italy,Italy,230,2,6,113,1,4
2020/2/24,Korea,Korea,833,18,8,231,2,2
2020/2/24,Spain,Spain,2,2,0,0,0,0
2020/2/24,United States of America,United States of America,35,3,0,0,0,0
2020/2/24,China,Ningxia,71,58,0,0,2,0
2020/2/24,China,Xizang,1,1,0,0,0,0
2020/2/24,else,else,1092,162,5,35,3,0
2020/2/24,China,Neimenggu,75,34,0,0,7,0
2020/2/24,China,Liaoning,121,80,1,0,7,0
2020/2/24,China,Macau,10,6,0,0,0,0
2020/2/24,China,Anhui,989,663,6,0,26,0
2020/2/24,China,Beijing,399,198,4,0,9,0
2020/2/24,China,Chongqing,575,335,6,2,7,0
2020/2/24,China,Fujian,293,183,1,0,13,0
2020/2/24,China,Gansu,91,80,2,0,2,0
2020/2/24,China,Guangxi,251,112,2,2,6,0
2020/2/24,China,Guizhou,146,102,2,0,0,0
2020/2/24,China,Hainan,168,116,5,0,10,1
2020/2/24,China,Guangdong,1345,786,6,3,31,0
2020/2/24,China,Heilongjiang,480,227,12,0,5,0
2020/2/24,China,Hebei,311,234,6,0,15,0
2020/2/24,China,Jiangxi,934,645,1,0,32,0
2020/2/24,China,Jiangsu,631,452,0,0,34,0
2020/2/24,China,Hunan,1016,731,4,0,17,0
2020/2/24,China,Jilin,93,60,1,2,6,0
2020/2/24,China,Hongkong,56,1,1,0,0,0
2020/2/24,China,Hong Kong,79,19,2,5,8,0
2020/2/24,China,Henan,1271,943,19,0,75,0
2020/2/24,China,Hubei,64287,16748,2495,203,1405,149
2020/2/25,China,Tianjin,135,91,3,0,4,0
2020/2/25,China,Qinghai,18,18,0,0,0,0
2020/2/25,China,Shaanxi,245,186,1,0,13,0
2020/2/25,China,Shandong,756,355,6,1,12,1
2020/2/25,China,Shanghai,336,268,3,1,7,0
2020/2/25,China,Shanxi,133,96,0,1,5,0
2020/2/25,China,Sichuan,529,289,3,2,13,0
2020/2/25,China,Taiwan,31,5,1,1,0,0
2020/2/25,China,Xinjiang,76,30,2,0,0,0
2020/2/25,China,Ningxia,71,61,0,0,3,0
2020/2/25,China,Yunnan,174,129,2,0,1,0
2020/2/25,China,Zhejiang,1205,808,1,0,26,0
2020/2/25,France,France,12,11,1,0,7,0
2020/2/25,Germany,Germany,16,14,0,0,0,0
2020/2/25,Iran,Iran,95,0,16,34,0,4
2020/2/25,Italy,Italy,283,1,7,53,-1,1
2020/2/25,Korea,Korea,977,22,10,144,4,2
2020/2/25,Spain,Spain,3,2,0,1,0,0
2020/2/25,United States of America,United States of America,53,3,0,18,0,0
2020/2/25,China,Xizang,1,1,0,0,0,0
2020/2/25,China,Neimenggu,75,34,0,0,0,0
2020/2/25,else,else,1128,173,5,36,11,0
2020/2/25,China,Liaoning,121,83,1,0,3,0
2020/2/25,China,Anhui,989,712,6,0,49,0
2020/2/25,China,Beijing,400,215,4,1,17,0
2020/2/25,China,Chongqing,576,349,6,1,14,0
2020/2/25,China,Fujian,294,199,1,1,16,0
2020/2/25,China,Gansu,91,80,2,0,0,0
2020/2/25,China,Guangdong,1347,822,7,2,36,1
2020/2/25,China,Guangxi,252,134,2,1,22,0
2020/2/25,China,Guizhou,146,104,2,0,2,0
2020/2/25,China,Hainan,168,124,5,0,8,0
2020/2/25,China,Macau,10,7,0,0,1,0
2020/2/25,China,Heilongjiang,480,243,12,0,16,0
2020/2/25,China,Hebei,311,248,6,0,14,0
2020/2/25,China,Jiangxi,934,683,1,0,38,0
2020/2/25,China,Jiangsu,631,458,0,0,6,0
2020/2/25,China,Hunan,1016,768,4,0,37,0
2020/2/25,China,Jilin,93,63,1,0,3,0
2020/2/25,China,Hongkong,56,1,1,0,0,0
2020/2/25,China,Hong Kong,84,19,2,5,0,0
2020/2/25,China,Henan,1271,1002,19,0,59,0
2020/2/25,China,Hubei,64786,18971,2563,499,2223,68
2020/2/26,China,Xinjiang,76,34,2,0,4,0
2020/2/26,China,Shaanxi,245,192,1,0,6,0
2020/2/26,China,Shandong,756,377,6,0,22,0
2020/2/26,China,Shanxi,133,104,0,0,8,0
2020/2/26,China,Sichuan,531,307,3,2,18,0
2020/2/26,China,Taiwan,32,5,1,1,0,0
2020/2/26,China,Tianjin,135,96,3,0,5,0
2020/2/26,China,Xizang,1,1,0,0,0,0
2020/2/26,Iran,Iran,139,0,19,44,0,3
2020/2/26,China,Zhejiang,1205,867,1,0,59,0
2020/2/26,France,France,17,11,2,5,0,1
2020/2/26,Germany,Germany,19,14,0,3,0,0
2020/2/26,China,Qinghai,18,18,0,0,0,0
2020/2/26,Italy,Italy,374,1,12,91,0,5
2020/2/26,Korea,Korea,1261,22,12,284,0,2
2020/2/26,Spain,Spain,7,2,0,4,0,0
2020/2/26,United States of America,United States of America,57,3,0,4,0,0
2020/2/26,else,else,1196,182,7,68,9,2
2020/2/26,China,Yunnan,174,144,2,0,15,0
2020/2/26,China,Ningxia,71,65,0,0,4,0
2020/2/26,China,Shanghai,336,272,3,0,4,0
2020/2/26,China,Neimenggu,75,38,0,0,4,0
2020/2/26,China,Macau,10,7,0,0,0,0
2020/2/26,China,Anhui,989,744,6,0,32,0
2020/2/26,China,Beijing,400,235,4,0,20,0
2020/2/26,China,Chongqing,576,373,6,0,24,0
2020/2/26,China,Fujian,294,218,1,0,19,0
2020/2/26,China,Gansu,91,81,2,0,1,0
2020/2/26,China,Guangxi,252,147,2,0,13,0
2020/2/26,China,Guizhou,146,104,2,0,0,0
2020/2/26,China,Hainan,168,129,5,0,5,0
2020/2/26,China,Hebei,312,261,6,1,13,0
2020/2/26,China,Guangdong,1347,851,7,0,29,0
2020/2/26,China,Henan,1271,1033,19,0,31,0
2020/2/26,China,Heilongjiang,480,249,12,0,6,0
2020/2/26,China,Jilin,93,65,1,0,2,0
2020/2/26,China,Jiangxi,934,719,1,0,36,0
2020/2/26,China,Jiangsu,631,478,0,0,20,0
2020/2/26,China,Liaoning,121,88,1,0,5,0
2020/2/26,China,Hubei,65187,20969,2615,401,1998,52
2020/2/26,China,Hongkong,56,1,1,0,0,0
2020/2/26,China,Hong Kong,89,24,2,5,5,0
2020/2/26,China,Hunan,1016,783,4,0,15,0
2020/2/27,China,Tianjin,135,102,3,0,6,0
2020/2/27,China,Qinghai,18,18,0,0,0,0
2020/2/27,China,Shaanxi,245,195,1,0,3,0
2020/2/27,China,Shandong,756,387,6,0,10,0
2020/2/27,China,Shanghai,337,276,3,1,4,0
2020/2/27,China,Shanxi,133,106,0,0,2,0
2020/2/27,China,Sichuan,534,321,3,3,14,0
2020/2/27,China,Taiwan,32,5,1,0,0,0
2020/2/27,China,Xinjiang,76,43,2,0,9,0
2020/2/27,China,Ningxia,72,68,0,1,3,0
2020/2/27,China,Yunnan,174,150,2,0,6,0
2020/2/27,China,Zhejiang,1205,932,1,0,65,0
2020/2/27,France,France,18,11,2,1,0,0
2020/2/27,Germany,Germany,27,14,0,8,0,0
2020/2/27,Iran,Iran,245,49,26,106,49,7
2020/2/27,Italy,Italy,528,40,14,154,39,2
2020/2/27,Korea,Korea,1766,22,13,505,0,1
2020/2/27,Spain,Spain,13,2,0,6,0,0
2020/2/27,United States of America,United States of America,60,3,0,3,0,0
2020/2/27,China,Xizang,1,1,0,0,0,0
2020/2/27,else,else,1266,183,8,70,1,1
2020/2/27,China,Neimenggu,75,42,0,0,4,0
2020/2/27,China,Liaoning,121,93,1,0,5,0
2020/2/27,China,Anhui,989,792,6,0,48,0
2020/2/27,China,Beijing,410,248,5,10,13,1
2020/2/27,China,Chongqing,576,384,6,0,11,0
2020/2/27,China,Fujian,296,228,1,2,10,0
2020/2/27,China,Gansu,91,81,2,0,0,0
2020/2/27,China,Guangdong,1347,890,7,0,39,0
2020/2/27,China,Guangxi,252,161,2,0,14,0
2020/2/27,China,Guizhou,146,112,2,0,8,0
2020/2/27,China,Hainan,168,131,5,0,2,0
2020/2/27,China,Macau,10,8,0,0,1,0
2020/2/27,China,Heilongjiang,480,270,13,0,21,1
2020/2/27,China,Henan,1272,1068,20,1,35,1
2020/2/27,China,Hong Kong,92,24,2,3,0,0
2020/2/27,China,Hongkong,56,1,1,0,0,0
2020/2/27,China,Hubei,65596,23383,2641,409,2414,26
2020/2/27,China,Hunan,1017,804,4,1,21,0
2020/2/27,China,Jiangsu,631,498,0,0,20,0
2020/2/27,China,Jiangxi,934,754,1,0,35,0
2020/2/27,China,Jilin,93,67,1,0,2,0
2020/2/27,China,Hebei,317,274,6,5,13,0
2020/2/28,China,Taiwan,34,6,1,2,1,0
2020/2/28,China,Sichuan,538,338,3,4,17,0
2020/2/28,China,Shanxi,133,109,0,0,3,0
2020/2/28,China,Qinghai,18,18,0,0,0,0
2020/2/28,China,Shandong,756,405,6,0,18,0
2020/2/28,China,Shaanxi,245,199,1,0,4,0
2020/2/28,China,Tianjin,136,102,3,1,0,0
2020/2/28,China,Shanghai,337,279,3,0,3,0
2020/2/28,China,Xinjiang,76,52,3,0,9,1
2020/2/28,Germany,Germany,48,14,0,21,0,0
2020/2/28,China,Yunnan,174,156,2,0,6,0
2020/2/28,China,Zhejiang,1205,975,1,0,43,0
2020/2/28,France,France,38,11,2,20,0,0
2020/2/28,Iran,Iran,270,49,26,25,0,0
2020/2/28,Italy,Italy,653,45,17,125,5,3
2020/2/28,Korea,Korea,2337,22,13,571,0,0
2020/2/28,Spain,Spain,25,2,0,12,0,0
2020/2/28,United States of America,United States of America,60,3,0,0,0,0
2020/2/28,China,Ningxia,72,68,0,0,0,0
2020/2/28,China,Xizang,1,1,0,0,0,0
2020/2/28,else,else,1337,191,10,71,8,2
2020/2/28,China,Neimenggu,75,45,0,0,3,0
2020/2/28,China,Liaoning,121,93,1,0,0,0
2020/2/28,China,Macau,10,8,0,0,0,0
2020/2/28,China,Anhui,990,821,6,1,29,0
2020/2/28,China,Beijing,410,257,7,0,9,2
2020/2/28,China,Chongqing,576,402,6,0,18,0
2020/2/28,China,Fujian,296,235,1,0,7,0
2020/2/28,China,Gansu,91,82,2,0,1,0
2020/2/28,China,Guangxi,252,168,2,0,7,0
2020/2/28,China,Guizhou,146,112,2,0,0,0
2020/2/28,China,Hainan,168,133,5,0,2,0
2020/2/28,China,Guangdong,1348,935,7,1,45,0
2020/2/28,China,Heilongjiang,480,283,13,0,13,0
2020/2/28,China,Hebei,318,277,6,1,3,0
2020/2/28,China,Jiangxi,935,790,1,1,36,0
2020/2/28,China,Jiangsu,631,515,0,0,17,0
2020/2/28,China,Hunan,1017,830,4,0,26,0
2020/2/28,China,Jilin,93,73,1,0,6,0
2020/2/28,China,Hongkong,56,1,1,0,0,0
2020/2/28,China,Hong Kong,94,30,2,2,6,0
2020/2/28,China,Henan,1272,1112,20,0,44,0
2020/2/28,China,Hubei,65914,26403,2682,318,3020,41
2020/2/29,China,Xinjiang,76,62,3,0,10,0
2020/2/29,China,Shaanxi,245,207,1,0,8,0
2020/2/29,China,Shandong,756,421,6,0,16,0
2020/2/29,China,Shanghai,337,287,3,0,8,0
2020/2/29,China,Shanxi,133,113,0,0,4,0
2020/2/29,China,Sichuan,538,351,3,0,13,0
2020/2/29,China,Taiwan,39,9,1,5,3,0
2020/2/29,China,Tianjin,136,109,3,0,7,0
2020/2/29,China,Xizang,1,1,0,0,0,0
2020/2/29,China,Qinghai,18,18,0,0,0,0
2020/2/29,China,Zhejiang,1205,1016,1,0,41,0
2020/2/29,France,France,57,11,2,19,0,0
2020/2/29,Germany,Germany,66,14,0,18,0,0
2020/2/29,Iran,Iran,593,123,43,323,74,17
2020/2/29,Italy,Italy,888,46,21,235,1,4
2020/2/29,Korea,Korea,3150,27,16,813,5,3
2020/2/29,Spain,Spain,41,2,0,16,0,0
2020/2/29,United States of America,United States of America,63,3,0,3,0,0
2020/2/29,else,else,1426,207,12,90,16,2
2020/2/29,China,Yunnan,174,157,2,0,1,0
2020/2/29,China,Ningxia,73,69,0,1,1,0
2020/2/29,China,Neimenggu,75,49,0,0,4,0
2020/2/29,China,Macau,10,8,0,0,0,0
2020/2/29,China,Beijing,411,271,8,1,14,1
2020/2/29,China,Chongqing,576,422,6,0,20,0
2020/2/29,China,Fujian,296,243,1,0,8,0
2020/2/29,China,Gansu,91,82,2,0,0,0
2020/2/29,China,Guangdong,1349,983,7,1,48,0
2020/2/29,China,Guangxi,252,176,2,0,8,0
2020/2/29,China,Guizhou,146,112,2,0,0,0
2020/2/29,China,Hainan,168,147,5,0,14,0
2020/2/29,China,Hebei,318,282,6,0,5,0
2020/2/29,China,Anhui,990,868,6,0,47,0
2020/2/29,China,Henan,1272,1170,21,0,58,1
2020/2/29,China,Hong Kong,94,30,2,0,0,0
2020/2/29,China,Hongkong,56,1,1,0,0,0
2020/2/29,China,Hubei,66337,28993,2727,423,2590,45
2020/2/29,China,Hunan,1018,846,4,1,16,0
2020/2/29,China,Jiangsu,631,523,0,0,8,0
2020/2/29,China,Jiangxi,935,811,1,0,21,0
2020/2/29,China,Jilin,93,75,1,0,2,0
2020/2/29,China,Liaoning,121,96,1,0,3,0
2020/2/29,China,Heilongjiang,480,301,13,0,18,0
2020/3/1,China,Taiwan,40,9,1,1,0,0
2020/3/1,China,Sichuan,538,365,3,0,14,0
2020/3/1,China,Shanxi,133,115,0,0,2,0
2020/3/1,China,Qinghai,18,18,0,0,0,0
2020/3/1,China,Shandong,758,443,6,2,22,0
2020/3/1,China,Shaanxi,245,208,1,0,1,0
2020/3/1,China,Tianjin,136,111,3,0,2,0
2020/3/1,China,Shanghai,337,290,3,0,3,0
2020/3/1,China,Xinjiang,76,64,3,0,2,0
2020/3/1,Germany,Germany,117,14,0,51,0,0
2020/3/1,China,Yunnan,174,163,2,0,6,0
2020/3/1,China,Zhejiang,1205,1046,1,0,30,0
2020/3/1,France,France,100,12,2,43,1,0
2020/3/1,Iran,Iran,978,175,54,385,52,11
2020/3/1,Italy,Italy,1128,50,29,240,4,8
2020/3/1,Korea,Korea,3526,30,17,376,3,1
2020/3/1,Spain,Spain,58,2,0,17,0,0
2020/3/1,United States of America,United States of America,63,3,1,0,0,1
2020/3/1,China,Ningxia,73,69,0,0,0,0
2020/3/1,China,Xizang,1,1,0,0,0,0
2020/3/1,China,Neimenggu,75,52,0,0,3,0
2020/3/1,else,else,1506,221,14,100,22,2
2020/3/1,China,Liaoning,122,103,1,1,7,0
2020/3/1,China,Anhui,990,873,6,0,5,0
2020/3/1,China,Beijing,413,276,8,2,5,0
2020/3/1,China,Chongqing,576,442,6,0,20,0
2020/3/1,China,Fujian,296,247,1,0,4,0
2020/3/1,China,Gansu,91,84,2,0,2,0
2020/3/1,China,Guangdong,1349,1016,7,0,33,0
2020/3/1,China,Guangxi,252,181,2,0,5,0
2020/3/1,China,Guizhou,146,112,2,0,0,0
2020/3/1,China,Hainan,168,149,5,0,2,0
2020/3/1,China,Macau,10,8,0,0,0,0
2020/3/1,China,Heilongjiang,480,342,13,0,41,0
2020/3/1,China,Henan,1272,1198,22,0,28,1
2020/3/1,China,Hong Kong,96,36,2,2,6,0
2020/3/1,China,Hongkong,56,1,1,0,0,0
2020/3/1,China,Hubei,66907,31536,2761,570,2543,34
2020/3/1,China,Hunan,1018,866,4,0,20,0
2020/3/1,China,Jiangsu,631,536,0,0,13,0
2020/3/1,China,Jiangxi,935,831,1,0,20,0
2020/3/1,China,Jilin,93,78,1,0,3,0
2020/3/1,China,Hebei,318,294,6,0,12,0
2020/3/2,China,Taiwan,41,12,1,1,3,0
2020/3/2,China,Sichuan,538,386,3,0,21,0
2020/3/2,China,Shanxi,133,117,0,0,2,0
2020/3/2,China,Qinghai,18,18,0,0,0,0
2020/3/2,China,Shandong,758,460,6,0,17,0
2020/3/2,China,Shaanxi,245,216,1,0,8,0
2020/3/2,China,Tianjin,136,111,3,0,0,0
2020/3/2,China,Shanghai,337,292,3,0,2,0
2020/3/2,China,Xinjiang,76,66,3,0,2,0
2020/3/2,Germany,Germany,130,14,0,13,0,0
2020/3/2,China,Yunnan,174,168,2,0,5,0
2020/3/2,China,Zhejiang,1206,1069,1,1,23,0
2020/3/2,France,France,130,12,2,30,0,0
2020/3/2,Iran,Iran,1501,175,66,523,0,12
2020/3/2,Italy,Italy,1694,83,34,566,33,5
2020/3/2,Korea,Korea,4335,30,22,809,0,5
2020/3/2,Spain,Spain,84,2,0,26,0,0
2020/3/2,United States of America,United States of America,77,3,1,14,0,0
2020/3/2,China,Ningxia,74,69,0,1,0,0
2020/3/2,China,Xizang,1,1,0,0,0,0
2020/3/2,else,else,1584,226,15,78,5,1
2020/3/2,China,Neimenggu,75,54,0,0,2,0
2020/3/2,China,Liaoning,122,103,1,0,0,0
2020/3/2,China,Macau,10,8,0,0,0,0
2020/3/2,China,Anhui,990,917,6,0,44,0
2020/3/2,China,Beijing,414,282,8,1,6,0
2020/3/2,China,Chongqing,576,450,6,0,8,0
2020/3/2,China,Fujian,296,255,1,0,8,0
2020/3/2,China,Gansu,91,85,2,0,1,0
2020/3/2,China,Guangxi,252,192,2,0,11,0
2020/3/2,China,Guizhou,146,114,2,0,2,0
2020/3/2,China,Hainan,168,149,5,0,0,0
2020/3/2,China,Guangdong,1350,1059,7,1,43,0
2020/3/2,China,Heilongjiang,480,356,13,0,14,0
2020/3/2,China,Hebei,318,296,6,0,2,0
2020/3/2,China,Jiangxi,935,850,1,0,19,0
2020/3/2,China,Jiangsu,631,543,0,0,7,0
2020/3/2,China,Hunan,1018,887,4,0,21,0
2020/3/2,China,Jilin,93,83,1,0,5,0
2020/3/2,China,Hongkong,56,1,1,0,0,0
2020/3/2,China,Hong Kong,98,36,2,2,0,0
2020/3/2,China,Henan,1272,1205,22,0,7,0
2020/3/2,China,Hubei,67103,33934,2803,196,2398,42
2020/3/3,China,Tianjin,136,124,3,0,13,0
2020/3/3,China,Qinghai,18,18,0,0,0,0
2020/3/3,China,Shaanxi,245,216,1,0,0,0
2020/3/3,China,Shandong,758,511,6,0,51,0
2020/3/3,China,Shanghai,338,294,3,1,2,0
2020/3/3,China,Shanxi,133,120,0,0,3,0
2020/3/3,China,Sichuan,538,394,3,0,8,0
2020/3/3,China,Taiwan,42,12,1,1,0,0
2020/3/3,China,Xinjiang,76,68,3,0,2,0
2020/3/3,China,Ningxia,74,69,0,0,0,0
2020/3/3,China,Yunnan,174,169,2,0,1,0
2020/3/3,China,Zhejiang,1213,1093,1,7,24,0
2020/3/3,France,France,130,12,2,0,0,0
2020/3/3,Germany,Germany,196,14,0,66,0,0
2020/3/3,Iran,Iran,2336,435,77,835,260,11
2020/3/3,Italy,Italy,2036,149,52,342,66,18
2020/3/3,Korea,Korea,5186,30,31,851,0,9
2020/3/3,Spain,Spain,150,2,0,66,0,0
2020/3/3,United States of America,United States of America,100,3,6,23,0,5
2020/3/3,China,Xizang,1,1,0,0,0,0
2020/3/3,China,Neimenggu,75,59,1,0,5,1
2020/3/3,else,else,1756,234,15,172,8,0
2020/3/3,China,Liaoning,125,106,1,3,3,0
2020/3/3,China,Anhui,990,936,6,0,19,0
2020/3/3,China,Beijing,414,288,8,0,6,0
2020/3/3,China,Chongqing,576,469,6,0,19,0
2020/3/3,China,Fujian,296,260,1,0,5,0
2020/3/3,China,Gansu,91,86,2,0,1,0
2020/3/3,China,Guangdong,1350,1101,7,0,42,0
2020/3/3,China,Guangxi,252,202,2,0,10,0
2020/3/3,China,Guizhou,146,114,2,0,0,0
2020/3/3,China,Hainan,168,152,5,0,3,0
2020/3/3,China,Macau,10,9,0,0,1,0
2020/3/3,China,Heilongjiang,480,366,13,0,10,0
2020/3/3,China,Hebei,318,300,6,0,4,0
2020/3/3,China,Jiangxi,935,870,1,0,20,0
2020/3/3,China,Jiangsu,631,562,0,0,19,0
2020/3/3,China,Hunan,1018,906,4,0,19,0
2020/3/3,China,Jilin,93,83,1,0,0,0
2020/3/3,China,Hongkong,56,1,1,0,0,0
2020/3/3,China,Hong Kong,100,37,2,2,1,0
2020/3/3,China,Henan,1272,1231,22,0,26,0
2020/3/3,China,Hubei,67217,36208,2835,114,2274,32
2020/3/4,China,Xinjiang,76,69,3,0,1,0
2020/3/4,China,Shaanxi,245,223,1,0,7,0
2020/3/4,China,Shandong,758,516,6,0,5,0
2020/3/4,China,Shanxi,133,124,0,0,4,0
2020/3/4,China,Sichuan,538,406,3,0,12,0
2020/3/4,China,Taiwan,42,12,1,0,0,0
2020/3/4,China,Tianjin,136,124,3,0,0,0
2020/3/4,China,Xizang,1,1,0,0,0,0
2020/3/4,Iran,Iran,2922,552,92,586,117,15
2020/3/4,China,Zhejiang,1213,1114,1,0,21,0
2020/3/4,France,France,212,12,4,82,0,2
2020/3/4,Germany,Germany,240,14,0,44,0,0
2020/3/4,China,Qinghai,18,18,0,0,0,0
2020/3/4,Italy,Italy,2502,160,79,466,11,27
2020/3/4,Korea,Korea,5621,41,33,435,11,2
2020/3/4,Spain,Spain,165,2,1,15,0,1
2020/3/4,United States of America,United States of America,122,3,9,22,0,3
2020/3/4,else,else,1876,246,16,120,12,1
2020/3/4,China,Yunnan,174,169,2,0,0,0
2020/3/4,China,Ningxia,75,69,0,1,0,0
2020/3/4,China,Shanghai,338,298,3,0,4,0
2020/3/4,China,Neimenggu,75,63,1,0,4,0
2020/3/4,China,Macau,10,9,0,0,0,0
2020/3/4,China,Anhui,990,956,6,0,20,0
2020/3/4,China,Beijing,417,294,8,3,6,0
2020/3/4,China,Chongqing,576,490,6,0,21,0
2020/3/4,China,Fujian,296,270,1,0,10,0
2020/3/4,China,Gansu,91,87,2,0,1,0
2020/3/4,China,Guangxi,252,210,2,0,8,0
2020/3/4,China,Guizhou,146,114,2,0,0,0
2020/3/4,China,Hainan,168,158,5,0,6,0
2020/3/4,China,Hebei,318,301,6,0,1,0
2020/3/4,China,Guangdong,1350,1133,7,0,32,0
2020/3/4,China,Henan,1272,1234,22,0,3,0
2020/3/4,China,Heilongjiang,480,373,13,0,7,0
2020/3/4,China,Jilin,93,86,1,0,3,0
2020/3/4,China,Jiangxi,935,884,1,0,14,0
2020/3/4,China,Jiangsu,631,577,0,0,15,0
2020/3/4,China,Liaoning,125,106,1,0,0,0
2020/3/4,China,Hubei,67332,38557,2871,115,2349,36
2020/3/4,China,Hongkong,56,1,1,0,0,0
2020/3/4,China,Hong Kong,102,37,2,2,0,0
2020/3/4,China,Hunan,1018,916,4,0,10,0
2020/3/5,China,Tianjin,136,128,3,0,4,0
2020/3/5,China,Qinghai,18,18,0,0,0,0
2020/3/5,China,Shaanxi,245,224,1,0,1,0
2020/3/5,China,Shandong,758,578,6,0,62,0
2020/3/5,China,Shanghai,339,303,3,1,5,0
2020/3/5,China,Shanxi,133,126,0,0,2,0
2020/3/5,China,Sichuan,539,425,3,1,19,0
2020/3/5,China,Taiwan,44,12,1,2,0,0
2020/3/5,China,Xinjiang,76,70,3,0,1,0
2020/3/5,China,Ningxia,75,69,0,0,0,0
2020/3/5,China,Yunnan,174,169,2,0,0,0
2020/3/5,China,Zhejiang,1215,1124,1,2,10,0
2020/3/5,France,France,285,12,4,73,0,0
2020/3/5,Germany,Germany,349,14,0,109,0,0
2020/3/5,Iran,Iran,2922,552,92,0,0,0
2020/3/5,Italy,Italy,3089,276,107,587,116,28
2020/3/5,Korea,Korea,6088,41,36,467,0,3
2020/3/5,Spain,Spain,229,2,1,64,0,0
2020/3/5,United States of America,United States of America,153,3,11,31,0,2
2020/3/5,China,Xizang,1,1,0,0,0,0
2020/3/5,else,else,2125,252,18,249,6,2
2020/3/5,China,Neimenggu,75,64,1,0,1,0
2020/3/5,China,Liaoning,125,106,1,0,0,0
2020/3/5,China,Anhui,990,970,6,0,14,0
2020/3/5,China,Beijing,418,297,8,1,3,0
2020/3/5,China,Chongqing,576,502,6,0,12,0
2020/3/5,China,Fujian,296,277,1,0,7,0
2020/3/5,China,Gansu,102,87,2,11,0,0
2020/3/5,China,Guangdong,1351,1188,7,1,55,0
2020/3/5,China,Guangxi,252,214,2,0,4,0
2020/3/5,China,Guizhou,146,114,2,0,0,0
2020/3/5,China,Hainan,168,158,6,0,0,1
2020/3/5,China,Macau,10,9,0,0,0,0
2020/3/5,China,Heilongjiang,481,379,13,1,6,0
2020/3/5,China,Henan,1272,1244,22,0,10,0
2020/3/5,China,Hong Kong,105,43,2,3,6,0
2020/3/5,China,Hongkong,56,1,1,0,0,0
2020/3/5,China,Hubei,67466,40592,2902,134,2035,31
2020/3/5,China,Hunan,1018,938,4,0,22,0
2020/3/5,China,Jiangsu,631,583,0,0,6,0
2020/3/5,China,Jiangxi,935,901,1,0,17,0
2020/3/5,China,Jilin,93,88,1,0,2,0
2020/3/5,China,Hebei,318,304,6,0,3,0
2020/3/6,China,Taiwan,45,12,1,1,0,0
2020/3/6,China,Sichuan,539,442,3,0,17,0
2020/3/6,China,Shanxi,133,126,0,0,0,0
2020/3/6,China,Qinghai,18,18,0,0,0,0
2020/3/6,China,Shandong,758,618,6,0,40,0
2020/3/6,China,Shaanxi,245,226,1,0,2,0
2020/3/6,China,Tianjin,136,128,3,0,0,0
2020/3/6,China,Shanghai,342,306,3,3,3,0
2020/3/6,China,Xinjiang,76,71,3,0,1,0
2020/3/6,Germany,Germany,565,14,0,216,0,0
2020/3/6,China,Yunnan,174,170,2,0,1,0
2020/3/6,China,Zhejiang,1215,1147,1,0,23,0
2020/3/6,France,France,577,12,9,292,0,5
2020/3/6,Iran,Iran,4747,913,124,1825,361,32
2020/3/6,Italy,Italy,3927,414,148,838,138,41
2020/3/6,Korea,Korea,6593,41,42,505,0,6
2020/3/6,Spain,Spain,345,2,1,116,0,0
2020/3/6,United States of America,United States of America,232,3,14,79,0,3
2020/3/6,China,Ningxia,75,71,0,0,2,0
2020/3/6,China,Xizang,1,1,0,0,0,0
2020/3/6,else,else,2674,263,20,549,11,2
2020/3/6,China,Neimenggu,75,65,1,0,1,0
2020/3/6,China,Liaoning,125,106,1,0,0,0
2020/3/6,China,Macau,10,10,0,0,1,0
2020/3/6,China,Anhui,990,979,6,0,9,0
2020/3/6,China,Beijing,422,299,8,4,2,0
2020/3/6,China,Chongqing,576,513,6,0,11,0
2020/3/6,China,Fujian,296,284,1,0,7,0
2020/3/6,China,Gansu,119,87,2,17,0,0
2020/3/6,China,Guangxi,252,217,2,0,3,0
2020/3/6,China,Guizhou,146,114,2,0,0,0
2020/3/6,China,Hainan,168,158,6,0,0,0
2020/3/6,China,Guangdong,1352,1216,7,1,28,0
2020/3/6,China,Heilongjiang,481,396,13,0,17,0
2020/3/6,China,Hebei,318,305,6,0,1,0
2020/3/6,China,Jiangxi,935,909,1,0,8,0
2020/3/6,China,Jiangsu,631,594,0,0,11,0
2020/3/6,China,Hunan,1018,955,4,0,17,0
2020/3/6,China,Jilin,93,90,1,0,2,0
2020/3/6,China,Hongkong,56,1,1,0,0,0
2020/3/6,China,Hong Kong,106,46,2,1,3,0
2020/3/6,China,Henan,1272,1243,22,0,-1,0
2020/3/6,China,Hubei,67592,42033,2931,126,1441,29
2020/3/7,China,Tianjin,136,128,3,0,0,0
2020/3/7,China,Qinghai,18,18,0,0,0,0
2020/3/7,China,Shaanxi,245,226,1,0,0,0
2020/3/7,China,Shandong,758,627,6,0,9,0
2020/3/7,China,Shanghai,342,313,3,0,7,0
2020/3/7,China,Shanxi,133,126,0,0,0,0
2020/3/7,China,Sichuan,539,454,3,0,12,0
2020/3/7,China,Taiwan,45,12,1,0,0,0
2020/3/7,China,Xinjiang,76,72,3,0,1,0
2020/3/7,China,Ningxia,75,71,0,0,0,0
2020/3/7,China,Yunnan,174,170,2,0,0,0
2020/3/7,China,Zhejiang,1215,1154,1,0,7,0
2020/3/7,France,France,613,12,9,36,0,0
2020/3/7,Germany,Germany,687,14,0,122,0,0
2020/3/7,Iran,Iran,5823,1669,145,1076,756,21
2020/3/7,Italy,Italy,4636,523,197,709,109,49
2020/3/7,Korea,Korea,7041,108,47,448,67,5
2020/3/7,Spain,Spain,387,2,1,42,0,0
2020/3/7,United States of America,United States of America,324,10,14,92,7,0
2020/3/7,else,else,3168,268,23,494,5,3
2020/3/7,China,Neimenggu,75,67,1,0,2,0
2020/3/7,China,Xizang,1,1,0,0,0,0
2020/3/7,China,Liaoning,125,107,1,0,1,0
2020/3/7,China,Anhui,990,979,6,0,0,0
2020/3/7,China,Beijing,426,303,8,4,4,0
2020/3/7,China,Chongqing,576,521,6,0,8,0
2020/3/7,China,Fujian,296,295,1,0,11,0
2020/3/7,China,Gansu,120,87,2,1,0,0
2020/3/7,China,Guangdong,1352,1237,7,0,21,0
2020/3/7,China,Guangxi,252,218,2,0,1,0
2020/3/7,China,Guizhou,146,115,2,0,1,0
2020/3/7,China,Hainan,168,158,6,0,0,0
2020/3/7,China,Macau,10,10,0,0,0,0
2020/3/7,China,Heilongjiang,481,403,13,0,7,0
2020/3/7,China,Henan,1272,1244,22,0,1,0
2020/3/7,China,Hong Kong,108,51,2,2,5,0
2020/3/7,China,Hongkong,56,1,1,0,0,0
2020/3/7,China,Hubei,67666,43500,2959,74,1467,28
2020/3/7,China,Hunan,1018,960,4,0,5,0
2020/3/7,China,Jiangsu,631,606,0,0,12,0
2020/3/7,China,Jiangxi,935,916,1,0,7,0
2020/3/7,China,Jilin,93,90,1,0,0,0
2020/3/7,China,Hebei,318,307,6,0,2,0
2020/3/8,China,Taiwan,45,13,1,0,1,0
2020/3/8,China,Sichuan,539,464,3,0,10,0
2020/3/8,China,Shanxi,133,126,0,0,0,0
2020/3/8,China,Qinghai,18,18,0,0,0,0
2020/3/8,China,Shandong,758,642,6,0,15,0
2020/3/8,China,Shaanxi,245,227,1,0,1,0
2020/3/8,China,Tianjin,136,128,3,0,0,0
2020/3/8,China,Shanghai,342,314,3,0,1,0
2020/3/8,China,Xinjiang,76,73,3,0,1,0
2020/3/8,Germany,Germany,847,14,0,160,0,0
2020/3/8,China,Yunnan,174,170,2,0,0,0
2020/3/8,China,Zhejiang,1215,1161,1,0,7,0
2020/3/8,France,France,949,12,16,336,0,7
2020/3/8,Iran,Iran,6566,2134,194,743,465,49
2020/3/8,Italy,Italy,5883,589,233,1247,66,36
2020/3/8,Korea,Korea,7314,108,50,273,0,3
2020/3/8,Spain,Spain,516,2,10,129,0,9
2020/3/8,United States of America,United States of America,445,10,19,121,0,5
2020/3/8,China,Ningxia,75,71,0,0,0,0
2020/3/8,China,Xizang,1,1,0,0,0,0
2020/3/8,China,Neimenggu,75,70,1,0,3,0
2020/3/8,else,else,3690,270,27,522,2,4
2020/3/8,China,Liaoning,125,109,1,0,2,0
2020/3/8,China,Anhui,990,984,6,0,5,0
2020/3/8,China,Beijing,428,308,8,2,5,0
2020/3/8,China,Chongqing,576,526,6,0,5,0
2020/3/8,China,Fujian,296,295,1,0,0,0
2020/3/8,China,Gansu,124,87,2,4,0,0
2020/3/8,China,Guangdong,1352,1256,7,0,19,0
2020/3/8,China,Guangxi,252,223,2,0,5,0
2020/3/8,China,Guizhou,146,117,2,0,2,0
2020/3/8,China,Hainan,168,159,6,0,1,0
2020/3/8,China,Macau,10,10,0,0,0,0
2020/3/8,China,Heilongjiang,481,412,13,0,9,0
2020/3/8,China,Henan,1272,1247,22,0,3,0
2020/3/8,China,Hong Kong,114,58,3,6,7,1
2020/3/8,China,Hongkong,56,1,1,0,0,0
2020/3/8,China,Hubei,67707,45235,2986,41,1735,27
2020/3/8,China,Hunan,1018,968,4,0,8,0
2020/3/8,China,Jiangsu,631,612,0,0,6,0
2020/3/8,China,Jiangxi,935,919,1,0,3,0
2020/3/8,China,Jilin,93,90,1,0,0,0
2020/3/8,China,Hebei,318,307,6,0,0,0
2020/3/9,China,Taiwan,45,15,1,0,2,0
2020/3/9,China,Sichuan,539,466,3,0,2,0
2020/3/9,China,Shanxi,133,127,0,0,1,0
2020/3/9,China,Qinghai,18,18,0,0,0,0
2020/3/9,China,Shandong,758,700,6,0,58,0
2020/3/9,China,Shaanxi,245,227,1,0,0,0
2020/3/9,China,Tianjin,136,130,3,0,2,0
2020/3/9,China,Shanghai,342,315,3,0,1,0
2020/3/9,China,Xinjiang,76,73,3,0,0,0
2020/3/9,Germany,Germany,1112,14,0,265,0,0
2020/3/9,China,Yunnan,174,170,2,0,0,0
2020/3/9,China,Zhejiang,1215,1176,1,0,15,0
2020/3/9,France,France,1126,12,19,177,0,3
2020/3/9,Iran,Iran,7161,2194,237,595,60,43
2020/3/9,Italy,Italy,7375,622,366,1492,33,133
2020/3/9,Korea,Korea,7478,166,53,164,58,3
2020/3/9,Spain,Spain,999,2,25,483,0,15
2020/3/9,United States of America,United States of America,572,10,21,127,0,2
2020/3/9,China,Ningxia,75,71,0,0,0,0
2020/3/9,China,Xizang,1,1,0,0,0,0
2020/3/9,else,else,4225,291,32,535,21,5
2020/3/9,China,Neimenggu,75,70,1,0,0,0
2020/3/9,China,Liaoning,125,109,1,0,0,0
2020/3/9,China,Macau,10,10,0,0,0,0
2020/3/9,China,Anhui,990,984,6,0,0,0
2020/3/9,China,Beijing,428,315,8,0,7,0
2020/3/9,China,Chongqing,576,535,6,0,9,0
2020/3/9,China,Fujian,296,295,1,0,0,0
2020/3/9,China,Gansu,124,88,2,0,1,0
2020/3/9,China,Guangxi,252,230,2,0,7,0
2020/3/9,China,Guizhou,146,123,2,0,6,0
2020/3/9,China,Hainan,168,159,6,0,0,0
2020/3/9,China,Guangdong,1352,1260,8,0,4,1
2020/3/9,China,Heilongjiang,481,430,13,0,18,0
2020/3/9,China,Hebei,318,307,6,0,0,0
2020/3/9,China,Jiangxi,935,923,1,0,4,0
2020/3/9,China,Jiangsu,631,621,0,0,9,0
2020/3/9,China,Hunan,1018,979,4,0,11,0
2020/3/9,China,Jilin,93,91,1,0,1,0
2020/3/9,China,Hongkong,56,1,1,0,0,0
2020/3/9,China,Hong Kong,115,59,3,1,1,0
2020/3/9,China,Henan,1272,1247,22,0,0,0
2020/3/9,China,Hubei,67743,46488,3008,36,1253,22
2020/3/10,China,Tianjin,136,131,3,0,1,0
2020/3/10,China,Qinghai,18,18,0,0,0,0
2020/3/10,China,Shaanxi,245,228,1,0,1,0
2020/3/10,China,Shandong,758,719,6,0,19,0
2020/3/10,China,Shanghai,344,319,3,2,4,0
2020/3/10,China,Shanxi,133,128,0,0,1,0
2020/3/10,China,Sichuan,539,478,3,0,12,0
2020/3/10,China,Taiwan,47,17,1,2,2,0
2020/3/10,China,Xinjiang,76,73,3,0,0,0
2020/3/10,China,Ningxia,75,71,0,0,0,0
2020/3/10,China,Yunnan,174,170,2,0,0,0
2020/3/10,China,Zhejiang,1215,1191,1,0,15,0
2020/3/10,France,France,1606,12,30,480,0,11
2020/3/10,Germany,Germany,1239,14,2,127,0,2
2020/3/10,Iran,Iran,8042,2731,291,881,537,54
2020/3/10,Italy,Italy,9172,724,463,1797,102,97
2020/3/10,Korea,Korea,7513,247,54,35,81,1
2020/3/10,Spain,Spain,1648,2,35,649,0,10
2020/3/10,United States of America,United States of America,704,10,26,132,0,5
2020/3/10,China,Xizang,1,1,0,0,0,0
2020/3/10,China,Neimenggu,75,70,1,0,0,0
2020/3/10,else,else,5398,789,43,1173,498,11
2020/3/10,China,Liaoning,125,111,1,0,2,0
2020/3/10,China,Anhui,990,984,6,0,0,0
2020/3/10,China,Beijing,429,320,8,1,5,0
2020/3/10,China,Chongqing,576,542,6,0,7,0
2020/3/10,China,Fujian,296,295,1,0,0,0
2020/3/10,China,Gansu,125,88,2,1,0,0
2020/3/10,China,Guangdong,1353,1274,8,1,14,0
2020/3/10,China,Guangxi,252,234,2,0,4,0
2020/3/10,China,Guizhou,146,129,2,0,6,0
2020/3/10,China,Hainan,168,159,6,0,0,0
2020/3/10,China,Macau,10,10,0,0,0,0
2020/3/10,China,Heilongjiang,481,434,13,0,4,0
2020/3/10,China,Hebei,318,307,6,0,0,0
2020/3/10,China,Jiangxi,935,927,1,0,4,0
2020/3/10,China,Jiangsu,631,627,0,0,6,0
2020/3/10,China,Hunan,1018,990,4,0,11,0
2020/3/10,China,Jilin,93,91,1,0,0,0
2020/3/10,China,Hongkong,56,1,1,0,0,0
2020/3/10,China,Hong Kong,118,60,3,3,1,0
2020/3/10,China,Henan,1272,1247,22,0,0,0
2020/3/10,China,Hubei,67760,47743,3024,17,1255,16
2020/3/11,China,Xinjiang,76,73,3,0,0,0
2020/3/11,China,Shaanxi,245,232,1,0,4,0
2020/3/11,China,Shandong,760,726,6,2,7,0
2020/3/11,China,Shanxi,133,131,0,0,3,0
2020/3/11,China,Sichuan,539,488,3,0,10,0
2020/3/11,China,Taiwan,48,17,1,1,0,0
2020/3/11,China,Tianjin,136,131,3,0,0,0
2020/3/11,China,Xizang,1,1,0,0,0,0
2020/3/11,Iran,Iran,9000,2959,354,958,228,63
2020/3/11,China,Zhejiang,1215,1195,1,0,4,0
2020/3/11,France,France,1784,12,33,178,0,3
2020/3/11,Germany,Germany,1524,14,2,285,0,0
2020/3/11,China,Qinghai,18,18,0,0,0,0
2020/3/11,Italy,Italy,10283,1004,631,1111,280,168
2020/3/11,Korea,Korea,7755,288,61,242,41,7
2020/3/11,Spain,Spain,2128,183,47,480,181,12
2020/3/11,United States of America,United States of America,1004,10,31,300,0,5
2020/3/11,else,else,6097,795,54,699,6,11
2020/3/11,China,Yunnan,174,170,2,0,0,0
2020/3/11,China,Ningxia,75,72,0,0,1,0
2020/3/11,China,Shanghai,344,320,3,0,1,0
2020/3/11,China,Neimenggu,75,71,1,0,1,0
2020/3/11,China,Macau,10,10,0,0,0,0
2020/3/11,China,Anhui,990,984,6,0,0,0
2020/3/11,China,Beijing,435,326,8,6,6,0
2020/3/11,China,Chongqing,576,549,6,0,7,0
2020/3/11,China,Fujian,296,295,1,0,0,0
2020/3/11,China,Gansu,127,88,2,2,0,0
2020/3/11,China,Guangxi,252,238,2,0,4,0
2020/3/11,China,Guizhou,146,133,2,0,4,0
2020/3/11,China,Hainan,168,159,6,0,0,0
2020/3/11,China,Hebei,318,307,6,0,0,0
2020/3/11,China,Guangdong,1356,1282,8,3,8,0
2020/3/11,China,Henan,1273,1249,22,1,2,0
2020/3/11,China,Heilongjiang,482,436,13,1,2,0
2020/3/11,China,Jilin,93,91,1,0,0,0
2020/3/11,China,Jiangxi,935,932,1,0,5,0
2020/3/11,China,Jiangsu,631,627,0,0,0,0
2020/3/11,China,Liaoning,125,111,1,0,0,0
2020/3/11,China,Hubei,67773,49134,3046,13,1391,22
2020/3/11,China,Hongkong,56,1,1,0,0,0
2020/3/11,China,Hong Kong,126,65,3,8,5,0
2020/3/11,China,Hunan,1018,995,4,0,5,0
2020/3/12,China,Tianjin,136,132,3,0,1,0
2020/3/12,China,Qinghai,18,18,0,0,0,0
2020/3/12,China,Shaanxi,245,232,2,0,0,1
2020/3/12,China,Shandong,760,734,6,0,8,0
2020/3/12,China,Shanghai,344,321,3,0,1,0
2020/3/12,China,Shanxi,133,132,0,0,1,0
2020/3/12,China,Sichuan,539,498,3,0,10,0
2020/3/12,China,Taiwan,49,20,1,1,3,0
2020/3/12,China,Xinjiang,76,73,3,0,0,0
2020/3/12,China,Ningxia,75,72,0,0,0,0
2020/3/12,China,Yunnan,174,170,2,0,0,0
2020/3/12,China,Zhejiang,1215,1197,1,0,2,0
2020/3/12,France,France,2281,12,48,497,0,15
2020/3/12,Germany,Germany,2078,14,3,554,0,1
2020/3/12,Iran,Iran,10075,3276,429,1075,317,75
2020/3/12,Italy,Italy,12462,1045,827,2179,41,196
2020/3/12,Korea,Korea,7869,288,61,114,0,0
2020/3/12,Spain,Spain,2968,189,84,840,6,37
2020/3/12,United States of America,United States of America,1004,10,31,0,0,0
2020/3/12,China,Xizang,1,1,0,0,0,0
2020/3/12,else,else,8009,837,78,1912,42,24
2020/3/12,China,Neimenggu,75,71,1,0,0,0
2020/3/12,China,Liaoning,125,112,1,0,1,0
2020/3/12,China,Anhui,990,984,6,0,0,0
2020/3/12,China,Beijing,435,334,8,0,8,0
2020/3/12,China,Chongqing,576,554,6,0,5,0
2020/3/12,China,Fujian,296,295,1,0,0,0
2020/3/12,China,Gansu,127,88,2,0,0,0
2020/3/12,China,Guangdong,1356,1289,8,0,7,0
2020/3/12,China,Guangxi,252,241,2,0,3,0
2020/3/12,China,Guizhou,146,137,2,0,4,0
2020/3/12,China,Hainan,168,160,6,0,1,0
2020/3/12,China,Macau,10,10,0,0,0,0
2020/3/12,China,Heilongjiang,482,441,13,0,5,0
2020/3/12,China,Henan,1273,1249,22,0,0,0
2020/3/12,China,Hong Kong,129,67,3,3,2,0
2020/3/12,China,Hongkong,56,1,1,0,0,0
2020/3/12,China,Hubei,67781,50318,3056,8,1184,10
2020/3/12,China,Hunan,1018,999,4,0,4,0
2020/3/12,China,Jiangsu,631,629,0,0,2,0
2020/3/12,China,Jiangxi,935,934,1,0,2,0
2020/3/12,China,Jilin,93,92,1,0,1,0
2020/3/12,China,Hebei,318,308,6,0,1,0
2020/3/13,China,Taiwan,50,20,1,1,0,0
2020/3/13,China,Sichuan,539,503,3,0,5,0
2020/3/13,China,Shanxi,133,133,0,0,1,0
2020/3/13,China,Qinghai,18,18,0,0,0,0
2020/3/13,China,Shandong,760,739,7,0,5,1
2020/3/13,China,Shaanxi,245,232,2,0,0,0
2020/3/13,China,Tianjin,136,132,3,0,0,0
2020/3/13,China,Shanghai,346,324,3,2,3,0
2020/3/13,China,Xinjiang,76,73,3,0,0,0
2020/3/13,Germany,Germany,3117,14,7,1039,0,4
2020/3/13,China,Yunnan,174,170,2,0,0,0
2020/3/13,China,Zhejiang,1215,1197,1,0,0,0
2020/3/13,France,France,2876,12,61,595,0,13
2020/3/13,Iran,Iran,11364,3529,514,1289,253,85
2020/3/13,Italy,Italy,15113,1258,1016,2651,213,189
2020/3/13,Korea,Korea,7979,510,72,110,222,11
2020/3/13,Spain,Spain,4209,189,120,1241,0,36
2020/3/13,United States of America,United States of America,1635,10,39,631,0,8
2020/3/13,China,Ningxia,75,72,0,0,0,0
2020/3/13,China,Xizang,1,1,0,0,0,0
2020/3/13,else,else,10734,900,87,2725,63,9
2020/3/13,China,Neimenggu,75,71,1,0,0,0
2020/3/13,China,Liaoning,125,112,1,0,0,0
2020/3/13,China,Macau,10,10,0,0,0,0
2020/3/13,China,Anhui,990,984,6,0,0,0
2020/3/13,China,Beijing,436,342,8,1,8,0
2020/3/13,China,Chongqing,576,564,6,0,10,0
2020/3/13,China,Fujian,296,295,1,0,0,0
2020/3/13,China,Gansu,127,88,2,0,0,0
2020/3/13,China,Guangxi,252,243,2,0,2,0
2020/3/13,China,Guizhou,146,140,2,0,3,0
2020/3/13,China,Hainan,168,160,6,0,0,0
2020/3/13,China,Guangdong,1356,1296,8,0,7,0
2020/3/13,China,Heilongjiang,482,446,13,0,5,0
2020/3/13,China,Hebei,318,310,6,0,2,0
2020/3/13,China,Jiangxi,935,934,1,0,0,0
2020/3/13,China,Jiangsu,631,630,0,0,1,0
2020/3/13,China,Hunan,1018,1005,4,0,6,0
2020/3/13,China,Jilin,93,92,1,0,0,0
2020/3/13,China,Hongkong,56,1,1,0,0,0
2020/3/13,China,Hong Kong,134,77,4,5,10,1
2020/3/13,China,Henan,1273,1249,22,0,0,0
2020/3/13,China,Hubei,67786,51553,3062,5,1235,6
2020/3/14,China,Tianjin,136,132,3,0,0,0
2020/3/14,China,Qinghai,18,18,0,0,0,0
2020/3/14,China,Shaanxi,245,232,2,0,0,0
2020/3/14,China,Shandong,760,741,7,0,2,0
2020/3/14,China,Shanghai,352,324,3,6,0,0
2020/3/14,China,Shanxi,133,133,0,0,0,0
2020/3/14,China,Sichuan,539,511,3,0,8,0
2020/3/14,China,Taiwan,53,20,1,3,0,0
2020/3/14,China,Xinjiang,76,73,3,0,0,0
2020/3/14,China,Ningxia,75,73,0,0,1,0
2020/3/14,China,Yunnan,174,170,2,0,0,0
2020/3/14,China,Zhejiang,1227,1211,1,12,14,0
2020/3/14,France,France,3661,12,79,785,0,18
2020/3/14,Germany,Germany,3117,14,7,0,0,0
2020/3/14,Iran,Iran,12729,3529,514,1365,0,0
2020/3/14,Italy,Italy,17660,1439,1266,2547,181,250
2020/3/14,Korea,Korea,8086,510,72,107,0,0
2020/3/14,Spain,Spain,5232,189,120,1023,0,0
2020/3/14,United States of America,United States of America,2084,10,41,449,0,2
2020/3/14,else,else,12604,927,99,1870,27,12
2020/3/14,China,Neimenggu,75,71,1,0,0,0
2020/3/14,China,Xizang,1,1,0,0,0,0
2020/3/14,China,Liaoning,125,113,1,0,1,0
2020/3/14,China,Anhui,990,984,6,0,0,0
2020/3/14,China,Beijing,437,349,8,1,7,0
2020/3/14,China,Chongqing,576,566,6,0,2,0
2020/3/14,China,Fujian,296,295,1,0,0,0
2020/3/14,China,Gansu,129,89,2,2,1,0
2020/3/14,China,Guangdong,1356,1299,8,0,3,0
2020/3/14,China,Guangxi,252,243,2,0,0,0
2020/3/14,China,Guizhou,146,143,2,0,3,0
2020/3/14,China,Hainan,168,160,6,0,0,0
2020/3/14,China,Macau,10,10,0,0,0,0
2020/3/14,China,Heilongjiang,482,447,13,0,1,0
2020/3/14,China,Henan,1273,1250,22,0,1,0
2020/3/14,China,Hong Kong,140,78,4,6,1,0
2020/3/14,China,Hongkong,56,1,1,0,0,0
2020/3/14,China,Hubei,67790,52960,3075,4,1407,13
2020/3/14,China,Hunan,1018,1014,4,0,9,0
2020/3/14,China,Jiangsu,631,630,0,0,0,0
2020/3/14,China,Jiangxi,935,934,1,0,0,0
2020/3/14,China,Jilin,93,92,1,0,0,0
2020/3/14,China,Hebei,318,310,6,0,0,0
2020/3/15,China,Tianjin,136,133,3,0,1,0
2020/3/15,China,Taiwan,59,20,1,6,0,0
2020/3/15,China,Sichuan,539,516,3,0,5,0
2020/3/15,China,Shaanxi,245,232,2,0,0,0
2020/3/15,China,Shanghai,353,324,3,1,0,0
2020/3/15,China,Shandong,760,741,7,0,0,0
2020/3/15,China,Xinjiang,76,73,3,0,0,0
2020/3/15,China,Shanxi,133,133,0,0,0,0
2020/3/15,China,Xizang,1,1,0,0,0,0
2020/3/15,Iran,Iran,13938,4590,724,1209,1061,210
2020/3/15,China,Zhejiang,1231,1211,1,4,0,0
2020/3/15,France,France,4500,36,91,839,24,12
2020/3/15,Germany,Germany,4866,14,9,1749,0,2
2020/3/15,Italy,Italy,21270,1966,1441,3610,527,175
2020/3/15,Korea,Korea,8162,834,75,76,324,3
2020/3/15,Spain,Spain,7753,571,288,2521,382,168
2020/3/15,United States of America,United States of America,2885,10,60,801,0,19
2020/3/15,else,else,15349,998,153,2745,71,54
2020/3/15,China,Qinghai,18,18,0,0,0,0
2020/3/15,China,Yunnan,174,172,2,0,2,0
2020/3/15,China,Ningxia,75,73,0,0,0,0
2020/3/15,China,Neimenggu,75,71,1,0,0,0
2020/3/15,China,Macau,10,10,0,0,0,0
2020/3/15,China,Beijing,442,353,8,5,4,0
2020/3/15,China,Chongqing,576,570,6,0,4,0
2020/3/15,China,Fujian,296,295,1,0,0,0
2020/3/15,China,Gansu,133,91,2,4,2,0
2020/3/15,China,Guangdong,1360,1304,8,4,5,0
2020/3/15,China,Guangxi,252,243,2,0,0,0
2020/3/15,China,Guizhou,146,143,2,0,0,0
2020/3/15,China,Hainan,168,160,6,0,0,0
2020/3/15,China,Hebei,318,310,6,0,0,0
2020/3/15,China,Anhui,990,984,6,0,0,0
2020/3/15,China,Henan,1273,1250,22,0,0,0
2020/3/15,China,Hong Kong,145,81,4,5,3,0
2020/3/15,China,Hongkong,56,1,1,0,0,0
2020/3/15,China,Hubei,67794,54288,3085,4,1328,10
2020/3/15,China,Hunan,1018,1014,4,0,0,0
2020/3/15,China,Jiangsu,631,631,0,0,1,0
2020/3/15,China,Jiangxi,935,934,1,0,0,0
2020/3/15,China,Jilin,93,92,1,0,0,0
2020/3/15,China,Liaoning,125,114,1,0,1,0
2020/3/15,China,Heilongjiang,482,453,13,0,6,0
2020/3/16,China,Tianjin,136,133,3,0,0,0
2020/3/16,China,Taiwan,67,20,1,8,0,0
2020/3/16,China,Sichuan,539,516,3,0,0,0
2020/3/16,China,Shaanxi,245,233,2,0,1,0
2020/3/16,China,Shanghai,355,325,3,2,1,0
2020/3/16,China,Shandong,760,746,7,0,5,0
2020/3/16,China,Xinjiang,76,73,3,0,0,0
2020/3/16,China,Shanxi,133,133,0,0,0,0
2020/3/16,China,Xizang,1,1,0,0,0,0
2020/3/16,Iran,Iran,14991,4996,853,1053,406,129
2020/3/16,China,Zhejiang,1231,1216,1,0,5,0
2020/3/16,France,France,5423,36,127,923,0,36
2020/3/16,Germany,Germany,6671,14,13,1805,0,4
2020/3/16,Italy,Italy,24938,2335,1809,3668,369,368
2020/3/16,Korea,Korea,8236,1137,75,74,303,0
2020/3/16,Spain,Spain,9191,571,309,1438,0,21
2020/3/16,United States of America,United States of America,3700,10,66,815,0,6
2020/3/16,else,else,17878,1082,183,2529,84,30
2020/3/16,China,Qinghai,18,18,0,0,0,0
2020/3/16,China,Yunnan,175,172,2,1,0,0
2020/3/16,China,Ningxia,75,75,0,0,2,0
2020/3/16,China,Neimenggu,75,73,1,0,2,0
2020/3/16,China,Macau,11,10,0,1,0,0
2020/3/16,China,Beijing,452,360,8,10,7,0
2020/3/16,China,Chongqing,576,570,6,0,0,0
2020/3/16,China,Fujian,296,295,1,0,0,0
2020/3/16,China,Gansu,133,91,2,0,0,0
2020/3/16,China,Guangdong,1361,1306,8,1,2,0
2020/3/16,China,Guangxi,252,248,2,0,5,0
2020/3/16,China,Guizhou,146,144,2,0,1,0
2020/3/16,China,Hainan,168,161,6,0,1,0
2020/3/16,China,Hebei,318,310,6,0,0,0
2020/3/16,China,Anhui,990,984,6,0,0,0
2020/3/16,China,Henan,1273,1250,22,0,0,0
2020/3/16,China,Hong Kong,155,84,4,10,3,0
2020/3/16,China,Hongkong,56,1,1,0,0,0
2020/3/16,China,Hubei,67798,55142,3099,4,854,14
2020/3/16,China,Hunan,1018,1014,4,0,0,0
2020/3/16,China,Jiangsu,631,631,0,0,0,0
2020/3/16,China,Jiangxi,935,934,1,0,0,0
2020/3/16,China,Jilin,93,92,1,0,0,0
2020/3/16,China,Liaoning,125,115,1,0,1,0
2020/3/16,China,Heilongjiang,482,455,13,0,2,0
2020/3/17,China,Tianjin,136,133,3,0,0,0
2020/3/17,China,Taiwan,77,22,1,10,2,0
2020/3/17,China,Sichuan,540,520,3,1,4,0
2020/3/17,China,Shaanxi,246,236,3,1,3,1
2020/3/17,China,Shanghai,358,325,3,3,0,0
2020/3/17,China,Shandong,761,746,7,1,0,0
2020/3/17,China,Xinjiang,76,73,3,0,0,0
2020/3/17,China,Shanxi,133,133,0,0,0,0
2020/3/17,China,Xizang,1,1,0,0,0,0
2020/3/17,Iran,Iran,16169,5389,988,1178,393,135
2020/3/17,China,Zhejiang,1232,1216,1,1,0,0
2020/3/17,France,France,6633,36,148,1210,0,21
2020/3/17,Germany,Germany,7840,135,17,1169,121,4
2020/3/17,Italy,Italy,29022,2749,2158,4084,414,349
2020/3/17,Korea,Korea,8320,1401,81,84,264,6
2020/3/17,Spain,Spain,11178,1028,491,1987,457,182
2020/3/17,United States of America,United States of America,4661,48,90,961,38,24
2020/3/17,else,else,22999,1159,249,5121,77,66
2020/3/17,China,Qinghai,18,18,0,0,0,0
2020/3/17,China,Yunnan,176,172,2,1,0,0
2020/3/17,China,Ningxia,75,75,0,0,0,0
2020/3/17,China,Neimenggu,75,73,1,0,0,0
2020/3/17,China,Macau,12,10,0,1,0,0
2020/3/17,China,Beijing,456,369,8,4,9,0
2020/3/17,China,Chongqing,576,570,6,0,0,0
2020/3/17,China,Fujian,296,295,1,0,0,0
2020/3/17,China,Gansu,133,91,2,0,0,0
2020/3/17,China,Guangdong,1364,1307,8,3,1,0
2020/3/17,China,Guangxi,253,248,2,1,0,0
2020/3/17,China,Guizhou,147,144,2,1,0,0
2020/3/17,China,Hainan,168,161,6,0,0,0
2020/3/17,China,Hebei,318,310,6,0,0,0
2020/3/17,China,Anhui,990,984,6,0,0,0
2020/3/17,China,Henan,1273,1250,22,0,0,0
2020/3/17,China,Hong Kong,162,88,4,7,4,0
2020/3/17,China,Hongkong,56,1,1,0,0,0
2020/3/17,China,Hubei,67799,56003,3111,1,861,12
2020/3/17,China,Hunan,1018,1014,4,0,0,0
2020/3/17,China,Jiangsu,631,631,0,0,0,0
2020/3/17,China,Jiangxi,935,934,1,0,0,0
2020/3/17,China,Jilin,93,92,1,0,0,0
2020/3/17,China,Liaoning,125,120,1,0,5,0
2020/3/17,China,Heilongjiang,482,456,13,0,1,0
2020/3/18,China,Tianjin,136,133,3,0,0,0
2020/3/18,China,Taiwan,100,22,1,23,0,0
2020/3/18,China,Sichuan,540,525,3,0,5,0
2020/3/18,China,Shaanxi,246,237,3,0,1,0
2020/3/18,China,Shanghai,361,326,3,3,1,0
2020/3/18,China,Shandong,761,746,7,0,0,0
2020/3/18,China,Xinjiang,76,73,3,0,0,0
2020/3/18,China,Shanxi,133,133,0,0,0,0
2020/3/18,else,else,26759,1241,315,3760,82,66
2020/3/18,Germany,Germany,11312,135,26,3472,0,9
2020/3/18,China,Yunnan,176,172,2,0,0,0
2020/3/18,China,Zhejiang,1232,1216,1,0,0,0
2020/3/18,France,France,7730,602,175,1097,566,27
2020/3/18,Iran,Iran,17361,5710,1135,1192,321,147
2020/3/18,Italy,Italy,31506,2941,2503,2484,192,345
2020/3/18,Korea,Korea,8413,1540,84,93,139,3
2020/3/18,Spain,Spain,13716,1081,598,2538,53,107
2020/3/18,United States of America,United States of America,6420,74,108,1759,26,18
2020/3/18,China,Qinghai,18,18,0,0,0,0
2020/3/18,China,Xizang,1,1,0,0,0,0
2020/3/18,China,Ningxia,75,75,0,0,0,0
2020/3/18,China,Heilongjiang,482,463,13,0,7,0
2020/3/18,China,Macau,15,10,0,3,0,0
2020/3/18,China,Anhui,990,984,6,0,0,0
2020/3/18,China,Beijing,469,378,8,13,9,0
2020/3/18,China,Chongqing,576,570,6,0,0,0
2020/3/18,China,Fujian,296,295,1,0,0,0
2020/3/18,China,Gansu,133,91,2,0,0,0
2020/3/18,China,Guangdong,1370,1313,8,6,6,0
2020/3/18,China,Guangxi,253,250,2,0,2,0
2020/3/18,China,Guizhou,146,144,2,-1,0,0
2020/3/18,China,Hainan,168,161,6,0,0,0
2020/3/18,China,Neimenggu,75,73,1,0,0,0
2020/3/18,China,Henan,1273,1250,22,0,0,0
2020/3/18,China,Hong Kong,181,92,4,19,4,0
2020/3/18,China,Hongkong,56,1,1,0,0,0
2020/3/18,China,Hubei,67800,56927,3122,1,924,11
2020/3/18,China,Hunan,1018,1014,4,0,0,0
2020/3/18,China,Jiangsu,631,631,0,0,0,0
2020/3/18,China,Jiangxi,935,934,1,0,0,0
2020/3/18,China,Jilin,93,92,1,0,0,0
2020/3/18,China,Liaoning,125,122,1,0,2,0
2020/3/18,China,Hebei,318,310,6,0,0,0
2020/3/19,China,Tianjin,136,133,3,0,0,0
2020/3/19,China,Taiwan,108,26,1,8,4,0
2020/3/19,China,Sichuan,540,536,3,0,11,0
2020/3/19,China,Shaanxi,246,237,3,0,0,0
2020/3/19,China,Shanghai,363,326,3,2,0,0
2020/3/19,China,Shandong,761,747,7,0,1,0
2020/3/19,China,Xinjiang,76,73,3,0,0,0
2020/3/19,China,Shanxi,133,133,0,0,0,0
2020/3/19,China,Xizang,1,1,0,0,0,0
2020/3/19,Iran,Iran,18407,5979,1284,1046,269,149
2020/3/19,China,Zhejiang,1234,1217,1,2,1,0
2020/3/19,France,France,9134,602,264,1404,0,89
2020/3/19,Germany,Germany,13979,135,28,2667,0,2
2020/3/19,Italy,Italy,37178,4025,2978,5672,1084,475
2020/3/19,Korea,Korea,8565,1947,91,152,407,7
2020/3/19,Spain,Spain,17147,1081,767,3431,0,169
2020/3/19,United States of America,United States of America,10259,106,153,3839,32,45
2020/3/19,else,else,32220,1338,432,5461,97,117
2020/3/19,China,Qinghai,18,18,0,0,0,0
2020/3/19,China,Yunnan,176,172,2,0,0,0
2020/3/19,China,Ningxia,75,75,0,0,0,0
2020/3/19,China,Neimenggu,75,74,1,0,1,0
2020/3/19,China,Macau,17,10,0,2,0,0
2020/3/19,China,Beijing,480,380,8,11,2,0
2020/3/19,China,Chongqing,576,570,6,0,0,0
2020/3/19,China,Fujian,296,295,1,0,0,0
2020/3/19,China,Gansu,134,91,2,1,0,0
2020/3/19,China,Guangdong,1378,1318,8,8,5,0
2020/3/19,China,Guangxi,253,250,2,0,0,0
2020/3/19,China,Guizhou,146,144,2,0,0,0
2020/3/19,China,Hainan,168,161,6,0,0,0
2020/3/19,China,Hebei,318,310,6,0,0,0
2020/3/19,China,Anhui,990,984,6,0,0,0
2020/3/19,China,Henan,1273,1250,22,0,0,0
2020/3/19,China,Hong Kong,208,95,4,27,3,0
2020/3/19,China,Hongkong,56,1,1,0,0,0
2020/3/19,China,Hubei,67800,57682,3130,0,755,8
2020/3/19,China,Hunan,1018,1014,4,0,0,0
2020/3/19,China,Jiangsu,631,631,0,0,0,0
2020/3/19,China,Jiangxi,935,934,1,0,0,0
2020/3/19,China,Jilin,93,92,1,0,0,0
2020/3/19,China,Liaoning,125,122,1,0,0,0
2020/3/19,China,Heilongjiang,483,460,13,1,-3,0
2020/3/20,China,Tianjin,137,133,3,1,0,0
2020/3/20,China,Taiwan,135,26,2,27,0,1
2020/3/20,China,Sichuan,541,536,3,1,0,0
2020/3/20,China,Shaanxi,247,237,3,1,0,0
2020/3/20,China,Shanghai,371,326,3,8,0,0
2020/3/20,China,Shandong,762,748,7,1,1,0
2020/3/20,China,Xinjiang,76,73,3,0,0,0
2020/3/20,China,Shanxi,133,133,0,0,0,0
2020/3/20,else,else,38736,1439,585,6516,101,153
2020/3/20,Germany,Germany,15439,135,44,1460,0,16
2020/3/20,China,Yunnan,176,172,2,0,0,0
2020/3/20,China,Zhejiang,1234,1219,1,0,2,0
2020/3/20,France,France,10995,1300,372,1861,698,108
2020/3/20,Iran,Iran,19644,6745,1433,1237,766,149
2020/3/20,Italy,Italy,41035,4440,3405,3857,415,427
2020/3/20,Korea,Korea,8652,2233,100,87,286,9
2020/3/20,Spain,Spain,19980,1588,1002,2833,507,235
2020/3/20,United States of America,United States of America,14250,121,208,3991,15,55
2020/3/20,China,Qinghai,18,18,0,0,0,0
2020/3/20,China,Xizang,1,1,0,0,0,0
2020/3/20,China,Ningxia,75,75,0,0,0,0
2020/3/20,China,Heilongjiang,484,463,13,1,3,0
2020/3/20,China,Macau,17,10,0,0,0,0
2020/3/20,China,Anhui,990,984,6,0,0,0
2020/3/20,China,Beijing,491,390,8,11,10,0
2020/3/20,China,Chongqing,576,570,6,0,0,0
2020/3/20,China,Fujian,299,295,1,3,0,0
2020/3/20,China,Gansu,134,98,2,0,7,0
2020/3/20,China,Neimenggu,75,74,1,0,0,0
2020/3/20,China,Guangxi,254,250,2,1,0,0
2020/3/20,China,Guizhou,146,144,2,0,0,0
2020/3/20,China,Hainan,168,161,6,0,0,0
2020/3/20,China,Guangdong,1395,1323,8,17,5,0
2020/3/20,China,Henan,1273,1250,22,0,0,0
2020/3/20,China,Hebei,318,310,6,0,0,0
2020/3/20,China,Jilin,93,92,1,0,0,0
2020/3/20,China,Jiangxi,935,934,1,0,0,0
2020/3/20,China,Jiangsu,631,631,0,0,0,0
2020/3/20,China,Liaoning,126,122,2,1,0,1
2020/3/20,China,Hubei,67800,58382,3133,0,700,3
2020/3/20,China,Hongkong,56,1,1,0,0,0
2020/3/20,China,Hong Kong,256,98,4,48,3,0
2020/3/20,China,Hunan,1018,1014,4,0,0,0
2020/3/21,China,Qinghai,18,18,0,0,0,0
2020/3/21,China,Shaanxi,248,239,3,1,2,0
2020/3/21,China,Shandong,764,749,7,2,1,0
2020/3/21,China,Shanghai,380,326,3,9,0,0
2020/3/21,China,Shanxi,133,133,0,0,0,0
2020/3/21,China,Sichuan,542,536,3,1,0,0
2020/3/21,China,Taiwan,135,28,2,0,2,0
2020/3/21,China,Tianjin,137,133,3,0,0,0
2020/3/21,Spain,Spain,19980,1588,1002,0,0,0
2020/3/21,China,Xizang,1,1,0,0,0,0
2020/3/21,China,Yunnan,176,172,2,0,0,0
2020/3/21,China,Zhejiang,1234,1219,1,0,0,0
2020/3/21,France,France,12612,1587,450,1617,287,78
2020/3/21,Germany,Germany,19848,180,68,4409,45,24
2020/3/21,Iran,Iran,19644,6745,1433,0,0,0
2020/3/21,Italy,Italy,47021,5129,4032,5986,689,627
2020/3/21,Korea,Korea,8799,2612,102,147,379,2
2020/3/21,China,Ningxia,75,75,0,0,0,0
2020/3/21,China,Xinjiang,76,73,3,0,0,0
2020/3/21,China,Neimenggu,75,74,1,0,0,0
2020/3/21,China,Heilongjiang,484,463,13,0,0,0
2020/3/21,China,Liaoning,126,122,2,0,0,0
2020/3/21,United States of America,United States of America,19101,121,244,4851,0,36
2020/3/21,China,Anhui,990,984,6,0,0,0
2020/3/21,China,Beijing,499,392,8,8,2,0
2020/3/21,China,Chongqing,576,570,6,0,0,0
2020/3/21,China,Fujian,303,295,1,4,0,0
2020/3/21,China,Gansu,134,113,2,0,15,0
2020/3/21,China,Guangdong,1399,1325,8,4,2,0
2020/3/21,China,Guangxi,254,250,2,0,0,0
2020/3/21,China,Guizhou,146,144,2,0,0,0
2020/3/21,China,Hainan,168,161,6,0,0,0
2020/3/21,China,Hebei,318,310,6,0,0,0
2020/3/21,China,Henan,1273,1250,22,0,0,0
2020/3/21,China,Hong Kong,256,98,4,0,0,0
2020/3/21,China,Hongkong,56,1,1,0,0,0
2020/3/21,China,Hubei,67800,58942,3139,0,560,6
2020/3/21,China,Hunan,1018,1014,4,0,0,0
2020/3/21,China,Jiangsu,631,631,0,0,0,0
2020/3/21,China,Jiangxi,935,934,1,0,0,0
2020/3/21,China,Jilin,93,92,1,0,0,0
2020/3/21,China,Macau,17,10,0,0,0,0
2020/3/21,else,else,42934,1474,661,4198,35,76
