ISO,Countries and areas,UNICEF Regions,"SDG regions
",World Bank Income groups,Data Source years,Data Source Year*,Short Source,Full Source,Estimate Type,National Point Estimate,National Lower Limit,National Upper Limit,National Sample Size
AFG,Afghanistan,SA,Central Asia and Southern Asia,Low Income,2018,2018,Other,Afghanistan Health Survey 2018,Reported,57.5,-,-,-
ALB,Albania,EECA,Northern America and Europe,Upper Middle Income,2017-18,2017,DHS,"Albania Demographic and Health Survey 2017-18. Tirana, Albania: Institute of Statistics, Institute of Public Health, and ICF",Reanalyzed,36.5,29.8,43.9,283.7
DZA,Algeria,MENA,Western Asia and Northern Africa,Lower Middle Income,2012-13,2012,MICS,"République Algérienne Démocratiqe et Populaire enquête par grappes à indicateurs mulitples (MICS) 2012-2013. Rapport final. Ministère de la Santé, de la Population et de la Réforme Hospitalière, 2015.",Reanalyzed,25.4,22.5,28.5,1714.8
AND,Andorra,WE,Northern America and Europe,High Income,,,,,,,,,
AGO,Angola,ESA,Sub-Saharan Africa,Lower Middle Income,2015-16,2015,DHS,"Inquérito de Indicadores Múltiplos e de Saúde em Angola 2015-2016. Luanda, Angola e Rockville, Maryland, EUA: INE, MINSA, MINPLAN e ICF International.",Reanalyzed,37.4,33.8,41.1,1486.2
AIA,Anguilla,LAC,Not Classified,Not Classified,,,,,,,,,
ATG,Antigua and Barbuda,LAC,Latin America and the Caribbean,High Income,,,,,,,,,
ARG,Argentina,LAC,Latin America and the Caribbean,Upper Middle Income,2011-12,2011,MICS,"Encuesta de Indicadores Múltiples por Conglomerados 2011/2012, Informe Final. Buenos Aires, Argentina",Reanalyzed,32.0,26.3,38.1,278199.0
ARM,Armenia,EECA,Western Asia and Northern Africa,Upper Middle Income,2015-16,2015,DHS,"Armenia Demographic and Health Survey 2015-16. Rockville, Maryland, USA: National Statistical Service, Ministry of Health, and ICF",Reanalyzed,44.5,36.6,52.7,172.0
AUS,Australia,EAP,Australia and New Zealand,High Income,,,,,,,,,
AUT,Austria,WE,Northern America and Europe,High Income,,,,,,,,,
AZE,Azerbaijan,EECA,Western Asia and Northern Africa,Upper Middle Income,2013,2013,NNS/SMART,"Azerbaijan nutrition survey  (AzNS), 2013. Baku, Republic of Azerbaijan, 2014.",Reported,12.1,,,-
BHS,Bahamas,LAC,Latin America and the Caribbean,High Income,,,,,,,,,
BHR,Bahrain,MENA,Western Asia and Northern Africa,High Income,,,,,,,,,
BGD,Bangladesh,SA,Central Asia and Southern Asia,Lower Middle Income,2017-18,2018,DHS,"Bangladesh Demographic and Health Survey 2017-18: Key Indicators. Dhaka, Bangladesh, and Rockville, Maryland, USA: NIPORT, and ICF.",Reported,65.0,-,-,-
BRB,Barbados,LAC,Latin America and the Caribbean,High Income,2012,2012,MICS,"Barbados multiple indicator cluster survey 2012: Final report (MICS4). Bridgetown, Barbados: BSS, 2014.",Reanalyzed,19.7,9.3,37.1,34.7
BLR,Belarus,EECA,Northern America and Europe,Upper Middle Income,2012,2012,MICS,"Multiple Indicator Cluster Survey of the Situation of Children and Women in the Republic of Belarus (МИКС4), 2012. Final Report",Reanalyzed,19.0,12.7,27.4,286.7
BEL,Belgium,WE,Northern America and Europe,High Income,,,,,,,,,
BLZ,Belize,LAC,Latin America and the Caribbean,Upper Middle Income,2015-16,2015,MICS,"Belize Multiple Indicator Cluster Survey, 2015-2016, Final Report. Belmopan, Belize: Statistical Institute of Belize and UNICEF Belize.",Reanalyzed,33.2,24.5,43.1,188.9
BEN,Benin,WCA,Sub-Saharan Africa,Lower Middle Income,2017-18,2018,DHS,"EnquÃªte DÃ©mographique et de SantÃ© au BÃ©nin, 2017-2018 : Indicateurs ClÃ©s. Cotonou, BÃ©nin et Rockville, Maryland, USA : INSAE et ICF",Reanalyzed,41.4,38.6,44.2,1386.6
BTN,Bhutan,SA,Central Asia and Southern Asia,Lower Middle Income,2015,2015,NNS/SMART,National Nutrition Survey 2015 - Bhutan,Reanalyzed,53.2,38.0,67.8,115.5
BOL,Bolivia (Plurinational State of),LAC,Latin America and the Caribbean,Lower Middle Income,2016,2016,DHS-Style,Bolivia Encuesta de Demografia y Salud - EDSA 2016: Indicadores Priorizados,Reanalyzed,55.7,50.3,60.9,479.9
BIH,Bosnia and Herzegovina,EECA,Northern America and Europe,Upper Middle Income,2011-12,2011,MICS,"Institute for Public Health [Federation of Bosnia and Herzegovina]. Bosnia and Herzegovina multiple indicator cluster survey (MICS) 2011-2012. Final report. Sarajevo, Federation of Bosnia and Herzegovina: UNICEF, 2013",Reanalyzed,18.2,9.9,31.1,235.7
BWA,Botswana,ESA,Sub-Saharan Africa,Upper Middle Income,2017,2017,Other,Botswana 2017 Demographic Survey,Reanalyzed,30.0,25.3,35.2,28872.7
BRA,Brazil,LAC,Latin America and the Caribbean,Upper Middle Income,2006-07,2006,ONS,"Pesquisa nacional de demografia e saúde da criança e da mulher - PNDS 2006. Relatório da pesquisa. Sao Paulo: CEBRAP, 2008",additional analysis by Pelotas,38.6,,,
VGB,British Virgin Islands,LAC,Not Classified,High Income,,,,,,,,,
BRN,Brunei Darussalam,EAP,Eastern Asia and South-eastern Asia,High Income,,,,,,,,,
BGR,Bulgaria,EECA,Northern America and Europe,Upper Middle Income,,,,,,,,,
BFA,Burkina Faso,WCA,Sub-Saharan Africa,Low Income,2018,2018,SMART,"Enquete Nutritionnelle Nationale, Burkina Faso 2018",Reported,55.8,-,-,-
BDI,Burundi,ESA,Sub-Saharan Africa,Low Income,2018-19,2018,SMART,"Enquete Nationale sur la Situation Nutritionnelle et la Securite Alimentaire au Burundi (ENSNSAB), Decembre 2018",Reported,71.9,-,-,-
CPV,Cabo Verde,WCA,Sub-Saharan Africa,Lower Middle Income,2005,2005,DHS,"Segundo Inquérito Demográfico e de Saúde Reprodutiva, Cabo Verde, IDSR-II, 2005. Calverton, Maryland, USA: INE/Cabo Verde.",Reported,59.6,,,
KHM,Cambodia,EAP,Eastern Asia and South-eastern Asia,Lower Middle Income,2014,2014,DHS,"Cambodia demographic and health survey (2014 CDHS): Key indicators. Demographic and Health Surveys. Phnom Penh, Cambodia: National Institute of Statistics, 2015",Reanalyzed,65.2,60.5,69.6,716.5
CMR,Cameroon,WCA,Sub-Saharan Africa,Lower Middle Income,2018,2018,DHS,"Enquête Démographique et de Santé du Cameroun 2018. Yaoundé, Cameroun et Rockville, Maryland, USA : INS et ICF. 2020",Reanalyzed,39.4,35.8,43.2,1030.2
CAN,Canada,NA,Northern America and Europe,High Income,,,,,,,,,
CAF,Central African Republic,WCA,Sub-Saharan Africa,Low Income,2014,2014,SMART,2014 Central African Republic Nutrition SMART Survey Final Results,Reported,28.8,-,-,-
TCD,Chad,WCA,Sub-Saharan Africa,Low Income,2014-15,2014,DHS,"Enquête Démographique et de Santé et à Indicateurs Multiples du Tchad 2014-2015. Rockville, Maryland, USA: INSEED, MSP et ICF International, 2016.",Reanalyzed,0.1,0.0,0.4,1804.3
CHL,Chile,LAC,Latin America and the Caribbean,High Income,,,,,,,,,
CHN,China,EAP,Eastern Asia and South-eastern Asia,Upper Middle Income,2013,2013,ONS,China 2013 National Nutrition and Health Survey,Reported,20.8,,,
COL,Colombia,LAC,Latin America and the Caribbean,Upper Middle Income,2015,2015,Other,Colombia National Survey of the Nutritional Situation 2015 (Encuesta Nacional de SituaciÃ³n Nutricional - ENSIN),Reanalyzed,36.7,32.7,40.9,332642.6
COM,Comoros,ESA,Sub-Saharan Africa,Lower Middle Income,2012,2012,DHS,"Enquête démographique et de santé et à indicateurs multiples aux Comores 2012. Demograohic and Health Surveys and MICS. Rockville, MD 20850, USA : DGSP et ICF International, 2014",Reanalyzed,11.4,7.7,16.7,344.9
COG,Congo,WCA,Sub-Saharan Africa,Lower Middle Income,2014-15,2014,MICS,"Enquête par grappes à indicateurs multiples (MICS5 2014-2015), Rapport final. Brazzaville, Congo : Institut National de la Statistique et UNICEF.",Reanalyzed,32.9,27.5,38.7,867.9
COK,Cook Islands,EAP,Oceania excluding Australia and New Zealand,Not Classified,,,,,,,,,
CRI,Costa Rica,LAC,Latin America and the Caribbean,Upper Middle Income,2011,2011,MICS,Encuesta de Indicadores Múltiples por Conglomerados 2011,Reanalyzed,32.5,22.9,43.9,249.9
CIV,Côte d'Ivoire,WCA,Sub-Saharan Africa,Lower Middle Income,2016,2016,MICS,"EnquÃªte par grappes Ã  indicateurs multiples - CÃ´te dâ€™Ivoire 2016, Rapport Final, Septembre 2017",Reanalyzed,23.1,19.9,26.7,980.4
HRV,Croatia,EECA,Northern America and Europe,High Income,1996,1996,MICS,Multi-Indicator Survey in Croatia - Research into Parental Knowledge and Behavior Concerning Children's Health and Nutrition,Reported,23.5,,,
CUB,Cuba,LAC,Latin America and the Caribbean,Upper Middle Income,2014,2014,MICS,"Encuesta de Indicadores Múltiples por Conglomerados, 2014",Reanalyzed,32.8,20.5,48.2,540.1
CYP,Cyprus,WE,Western Asia and Northern Africa,High Income,,,,,,,,,
CZE,Czechia,WE,Northern America and Europe,High Income,,,,,,,,,
PRK,Democratic People's Republic of Korea,EAP,Eastern Asia and South-eastern Asia,Low Income,2017,2017,MICS,"DPR Korea Multiple Indicator Cluster Survey 2017, Survey Findings Report. Pyongyang, DPR Korea: Central Bureau of Statistics and UNICEF",Reported,71.4,-,-,170.0
COD,Democratic Republic of the Congo,WCA,Sub-Saharan Africa,Low Income,2013-14,2013,DHS,"Enquête démographique et de santé en République Démocratique du Congo 2013-2014. Demographic and Health Surveys. Rockville, Maryland, USA : MPSMRM, MSP et ICF International, 2014",Reanalyzed,47.3,43.9,50.8,1934.8
DNK,Denmark,WE,Northern America and Europe,High Income,,,,,,,,,
DJI,Djibouti,ESA,Sub-Saharan Africa,Lower Middle Income,2012,2012,PAPFAM,"Enquête djiboutienne à indicateurs multiples (EDIM): Rapport preliminaire. Djibouti: Ministère de la Santé et PAPFAM, 2013",Reported,12.4,-,-,-
DMA,Dominica,LAC,Latin America and the Caribbean,Upper Middle Income,,,,,,,,,
DOM,Dominican Republic,LAC,Latin America and the Caribbean,Upper Middle Income,2014,2014,MICS,"Encuesta Nacional de Hogares de Propósitos Múltiples (ENHOGAR-MICS) 2014. New York, United States: United Nations Children's Fund (UNICEF), 2016.",Reanalyzed,4.6,3.3,6.4,1741.1
ECU,Ecuador,LAC,Latin America and the Caribbean,Upper Middle Income,2004,2004,ONS,"Encuesta demografía y de salud materna e infantil, ENDEMAIN 2004: Informe final.  Quito, Ecuador: CEPAR, 2005",Reported,39.6,,,
EGY,Egypt,MENA,Western Asia and Northern Africa,Lower Middle Income,2014,2014,DHS,"Egypt demographic and health survey 2014. Demographic and Health Surveys. Cairo, Egypt and Rockville, Maryland, USA: Ministry of Health and Population and ICF International, 2015.",Reanalyzed,39.5,36.6,42.5,1460.1
SLV,El Salvador,LAC,Latin America and the Caribbean,Lower Middle Income,2014,2014,MICS,"Encuesta nacional de salud 2014 - Encuesta de indicadores multiples por conglomerados 2014, Resultados principales. San Salvador, El Salvador: Ministerio de Salud e Instituto Nacional de Salud.",Reanalyzed,46.7,40.8,52.8,675.6
GNQ,Equatorial Guinea,WCA,Sub-Saharan Africa,Upper Middle Income,2011,2011,DHS,"Encuesta demográfica y de salud en Guinea Ecuatorial (EDSGE-I). Demographic and Health Surveys. Guinea Ecuatorial y Calverton, Maryland, USA: MSBS, MEPIP e ICF, 2012.",Reported,7.4,,,292.0
ERI,Eritrea,ESA,Sub-Saharan Africa,Low Income,2010,2010,ONS,"Eritrea population and health survey 2010. Asmara, Eritrea: National Statistics Office and Fafo Institute for Applied International Studies, 2013.",Reported,68.7,,,577.0
EST,Estonia,WE,Northern America and Europe,High Income,,,,,,,,,
SWZ,Eswatini,ESA,Sub-Saharan Africa,Lower Middle Income,2014,2014,MICS,"Swaziland multiple indicator cluster survey 2010 (MICS 5): Key findings. Mbabane, Swaziland, Central Statistical Office and UNICEF, 2015.",Reanalyzed,63.8,55.2,71.6,249.9
ETH,Ethiopia,ESA,Sub-Saharan Africa,Low Income,2019,2019,SDHS,"Ethiopia Mini Demographic and Health Survey 2019: Key Indicators. Rockville, Maryland, USA: EPHI and ICF.",Reported,58.8,-,-,-
FJI,Fiji,EAP,Oceania excluding Australia and New Zealand,Upper Middle Income,2004,2004,NNS/SMART,"2004 Fiji national nutrition survey: Main report. Suva, Fiji, 2007",additional analysis,39.8,,,
FIN,Finland,WE,Northern America and Europe,High Income,,,,,,,,,
FRA,France,WE,Northern America and Europe,High Income,,,,,,,,,
GAB,Gabon,WCA,Sub-Saharan Africa,Upper Middle Income,2012,2012,DHS,"Enquête démographique et de santé du Gabon 2012. Demographic and Health Surveys. Calverton, Maryland, et Libreville, Gabon : DGS et ICF International, 2013",Reanalyzed,5.1,2.9,8.6,531.2
GMB,Gambia,WCA,Sub-Saharan Africa,Low Income,2018,2018,MICS,"The Gambia Multiple Indicator Cluster Survey 2018, Survey Findings Report. Banjul, The Gambia: The Gambia Bureau of Statistics",Reanalyzed,53.3,48.7,57.8,940.4
GEO,Georgia,EECA,Western Asia and Northern Africa,Upper Middle Income,2018,2018,MICS,"Georgia Multiple Indicator Cluster Survey 2018, Survey Findings Report. Tbilisi, Georgia: National Statistics Office of Georgia.",Reanalyzed,20.4,14.9,27.3,239.0
DEU,Germany,WE,Northern America and Europe,High Income,,,,,,,,,
GHA,Ghana,WCA,Sub-Saharan Africa,Lower Middle Income,2017-2018,2018,MICS,"Multiple Indicator Cluster Survey (MICS2017/18), Survey Findings Report. Accra, Ghana: GSS",Reanalyzed,42.9,38.1,47.8,830.4
GRC,Greece,WE,Northern America and Europe,High Income,,,,,,,,,
GRD,Grenada,LAC,Latin America and the Caribbean,Upper Middle Income,,,,,,,,,
GTM,Guatemala,LAC,Latin America and the Caribbean,Upper Middle Income,2014-15,2014,DHS,"Encuesta Nacional de Salud Materno Infantil 2014-2015. Ciudad de Guatemala, Guatemala, 2015.",Reanalyzed,53.2,49.7,56.7,1176.4
GIN,Guinea,WCA,Sub-Saharan Africa,Low Income,2018,2018,DHS," EnquÃªte DÃ©mographique et de SantÃ© en GuinÃ©e 2018 : Indicateurs ClÃ©s. Conakry, GuinÃ©e, et Rockville, Maryland, USA : INS et ICF",Reanalyzed,33.4,29.8,37.3,912.5
GNB,Guinea-Bissau,WCA,Sub-Saharan Africa,Low Income,2014,2014,MICS,"Inquérito aos Indicadores Múltiplos (MICS) 2014, Principais Resultados. Bissau, Guiné-Bissau: Ministério da Economia e Finanças, Direcçao Geral do Plano Instituto Nacional de Estatística (INE), 2015.",Reanalyzed,52.5,48.2,56.8,832.9
GUY,Guyana,LAC,Latin America and the Caribbean,Upper Middle Income,2014,2014,MICS,"Guyana Multiple Indicator Cluster Survey 2014, Key findings. Georgetown, Guyana: Bureau of Statistics, Ministry of Health and UNICEF, 2015.",Reanalyzed,21.1,16.2,27.1,325.6
HTI,Haiti,LAC,Latin America and the Caribbean,Low Income,2016-17,2016,DHS,"EnquÃªte MortalitÃ©, MorbiditÃ© et Utilisation des Services, HaÃ¯ti, 2016-2017 Rockville, Maryland, et PÃ©tion- Ville, HaÃ¯ti : IHE et ICF.",Reanalyzed,39.9,35.1,44.9,660.3
VAT,Holy See,WE,Not Classified,Not Classified,,,,,,,,,
HND,Honduras,LAC,Latin America and the Caribbean,Lower Middle Income,2011-12,2011,DHS,"Encuesta nacional de salud y demografía 2011-2012. Demographic and Health Surveys. Tegucigalpa, Honduras: SS, INE e ICF International, 2013",Reanalyzed,30.7,27.9,33.8,1016.2
HUN,Hungary,WE,Northern America and Europe,High Income,,,,,,,,,
ISL,Iceland,WE,Northern America and Europe,High Income,,,,,,,,,
IND,India,SA,Central Asia and Southern Asia,Lower Middle Income,2017-2018,2018,NNS,Comprehensive National Nutrition Survey (CNNS) National Report. New Delhi,Reported,58.0,-,-,-
IDN,Indonesia,EAP,Eastern Asia and South-eastern Asia,Upper Middle Income,2017,2017,DHS,"Indonesia Demographic and Health Survey 2017. Jakarta, Indonesia: BKKBN, BPS, Kemenkes, and ICF.",Reanalyzed,50.7,47.6,53.7,1541.9
IRN,Iran (Islamic Republic of),MENA,Central Asia and Southern Asia,Upper Middle Income,2010-11,2010,DHS-Style,Iran's Multiple Indicator Demographic and Health Survey - 2010.,Reported,53.1,,,
IRQ,Iraq,MENA,Western Asia and Northern Africa,Upper Middle Income,2018,2018,MICS,Iraq Multiple Indicator Cluster Survey Briefing,Reanalyzed,25.8,23.2,28.6,1509.3
IRL,Ireland,WE,Northern America and Europe,High Income,,,,,,,,,
ISR,Israel,MENA,Western Asia and Northern Africa,High Income,,,,,,,,,
ITA,Italy,WE,Northern America and Europe,High Income,,,,,,,,,
JAM,Jamaica,LAC,Latin America and the Caribbean,Upper Middle Income,2011,2011,MICS,Jamaica 2011 Multiple Indicator Cluster Survey,Reanalyzed,23.8,17.6,31.3,168.3
JPN,Japan,EAP,Eastern Asia and South-eastern Asia,High Income,,,,,,,,,
JOR,Jordan,MENA,Western Asia and Northern Africa,Upper Middle Income,2017-18,2017,DHS,"Jordan Population and Family and Health Survey 2017-18: Key Indicators. Amman, Jordan, and Rockville, Maryland, USA: DOS and ICF. 2018",Reanalyzed,25.4,21.8,29.3,1059.4
KAZ,Kazakhstan,EECA,Central Asia and Southern Asia,Upper Middle Income,2015,2015,MICS,"2015 Kazakhstan Multiple Indicator Cluster Survey, Final Report. Astana, Kazakhstan: The Statistics Committee of the Ministry of National Economy of the Republic of Kazakhstan, 2016.",Reanalyzed,37.8,31.9,44.1,531.3
KEN,Kenya,ESA,Sub-Saharan Africa,Lower Middle Income,2014,2014,DHS,"National Council for Population and Development (NCPD). Kenya demographic and health Survey (2014 KDHS): Final Report. Demongraphic and Health Surveys. Nairobi, Kenya: KNBS, Ministry of Health, NACC, KEMRI, NCPD, 2015",Reanalyzed,61.4,57.2,65.4,794.2
KIR,Kiribati,EAP,Oceania excluding Australia and New Zealand,Lower Middle Income,2009,2009,DHS-Style,"Kiribati demographic and health survey. Noumea, Kiribati: SPC, 2009.",Reanalyzed,66.4,56.3,75.2,107.7
KWT,Kuwait,MENA,Western Asia and Northern Africa,High Income,,,,,,,,,
KGZ,Kyrgyzstan,EECA,Central Asia and Southern Asia,Lower Middle Income,2018,2018,MICS,"Kyrgyzstan Multiple Indicator Cluster Survey 2018, Survey Findings Report. Bishkek, Kyrgyzstan: National Statistical Committee of the Kyrgyz Republic and UNICEF. ",Reanalyzed,45.6,39.2,52.0,382.3
LAO,Lao People's Democratic Republic,EAP,Eastern Asia and South-eastern Asia,Lower Middle Income,2017,2017,MICS-DHS,"Lao Social Indicator Survey II 2017, Survey Findings Report. Vientiane, Lao PDR: Lao Statistics Bureau and UNICEF",Reanalyzed,44.4,40.8,48.1,1128.7
LVA,Latvia,WE,Northern America and Europe,High Income,,,,,,,,,
LBN,Lebanon,MENA,Western Asia and Northern Africa,Upper Middle Income,,,,,,,,,
LSO,Lesotho,ESA,Sub-Saharan Africa,Lower Middle Income,2018,2018,MICS,"Lesotho Multiple Indicator Cluster Survey 2018, Survey Findings Report. Maseru, Lesotho: Bureau of Statistics.",Reanalyzed,59.0,50.5,67.0,205.6
LBR,Liberia,WCA,Sub-Saharan Africa,Low Income,2013,2013,DHS,"Demographic and health survey 2013. Demographic and Health Surveys. Monrovia, Liberia: Liberia Institute of Statistics and Geo-Information Services (LISGIS) and ICF International, 2014",Reanalyzed,54.6,48.9,60.1,590.2
LBY,Libya,MENA,Western Asia and Northern Africa,Upper Middle Income,,,,,,,,,
LIE,Liechtenstein,WE,Northern America and Europe,High Income,,,,,,,,,
LTU,Lithuania,WE,Northern America and Europe,High Income,,,,,,,,,
LUX,Luxembourg,WE,Northern America and Europe,High Income,,,,,,,,,
MDG,Madagascar,ESA,Sub-Saharan Africa,Low Income,2018,2018,MICS,"Enquête par grappes à indicateurs multiples-MICS Madagascar 2018, Rapport final. Antananarivo, Madagascar : INSTAT et UNICEF 2019",Reanalyzed,50.6,47.1,54.1,1427.6
MWI,Malawi,ESA,Sub-Saharan Africa,Low Income,2015-16,2015,DHS,"Malawi Demographic and Health Survey 2015-16. Zomba, Malawi, and Rockville, Maryland, USA. NSO and ICF.",Reanalyzed,59.4,56.3,62.5,1627.4
MYS,Malaysia,EAP,Eastern Asia and South-eastern Asia,Upper Middle Income,2016,2016,Other,Malaysia National Health and Morbidity Survey 2016,Reported,40.3,36.1,44.7,1633.0
MDV,Maldives,SA,Central Asia and Southern Asia,Upper Middle Income,2016-17,2016,DHS," Maldives Demographic and Health Survey 2016-17. MalÃ©, Maldives, and Rockville, Maryland, USA: MOH and ICF",Reanalyzed,63.0,54.8,70.6,280.8
MLI,Mali,WCA,Sub-Saharan Africa,Low Income,2018,2018,DHS,"SixiÃ¨me EnquÃªte DÃ©mographique et de SantÃ© au Mali 2018. Indicateurs ClÃ©s. Bamako, Mali, et Rockville, Maryland, USA : INSTAT, CPS/SS-DS-PF, et ICF",Reanalyzed,40.2,36.5,44.1,1087.0
MLT,Malta,WE,Northern America and Europe,High Income,,,,,,,,,
MHL,Marshall Islands,EAP,Oceania excluding Australia and New Zealand,Upper Middle Income,2017,2017,MICS-Style,"Republic of the Marshall Islands Integrated Child Health and Nutrition Survey 2017, Final Report. Majuro, Republic of the Marshall Islands: RMI Ministry of Health and Human Services, RMI Economic, Policy Planning and Statistic Office, 2017",Reanalyzed,43.1,29.9,57.4,67.2
MRT,Mauritania,WCA,Sub-Saharan Africa,Lower Middle Income,2018,2018,SMART,Rapport de lâ€™enquÃªte nutritionnelle nationale SMART Aout 2018,Reported,40.3,-,-,-
MUS,Mauritius,ESA,Sub-Saharan Africa,High Income,,,,,,,,,
MEX,Mexico,LAC,Latin America and the Caribbean,Upper Middle Income,2018,2018,Other,"Encuesta nacional de salud y nutrición 2018. Cuernavaca, México: Instituto Nacional de Salud Pública, 2019",Reported,28.6,-,-,-
FSM,Micronesia (Federated States of),EAP,Oceania excluding Australia and New Zealand,Lower Middle Income,,,,,,,,,
MCO,Monaco,WE,Northern America and Europe,High Income,,,,,,,,,
MNG,Mongolia,EAP,Eastern Asia and South-eastern Asia,Lower Middle Income,2018,2018,MICS,"Social Indicator Sample Survey-2018, Survey Findings Report. Ulaanbaatar, Mongolia: National Statistical Office of Mongolia",Reanalyzed,50.2,43.8,56.6,614.7
MNE,Montenegro,EECA,Northern America and Europe,Upper Middle Income,2013,2013,MICS,"2013 Montenegro multiple indicator cluster survey and 2013 Montenegro Roma settlements multiple indicator cluster survey, (MICS): Key findings. Podgorica, Montenegro: MONSTAT and UNICEF, 2014.",Reanalyzed,16.8,10.0,26.9,121.0
MSR,Montserrat,LAC,Not Classified,Not Classified,,,,,,,,,
MAR,Morocco,MENA,Western Asia and Northern Africa,Lower Middle Income,2017,2017,PAPFAM,EnquÃªte Nationale sur la Population et la SantÃ© Familiale (ENPSF) -2017-2018,Reported,35.0,-,-,-
MOZ,Mozambique,ESA,Sub-Saharan Africa,Low Income,2013,2013,ONS,Relatório de Estudo de Base de Base de Segurança Alimentar e Nutricional em 2013 em Moçambique,Reported,41.0,,,
MMR,Myanmar,EAP,Eastern Asia and South-eastern Asia,Lower Middle Income,2015-16,2015,DHS,Myanmar Demographic and Health Survey 2015-16: Final Report. 2016,Reanalyzed,51.2,45.7,56.8,399.0
NAM,Namibia,ESA,Sub-Saharan Africa,Upper Middle Income,2013,2013,DHS,"The Namibia demographic and health survey 2013. Demographic and Health Surveys. Windhoek, Namibia, and Rockville, Maryland, USA: MoHSS and ICF International, 2014",Reanalyzed,48.3,43.5,53.2,486.6
NRU,Nauru,EAP,Oceania excluding Australia and New Zealand,High Income,2007,2007,DHS-Style,"Nauru 2007 demographic and health survey. Demographic and Health Surveys. Auckland, New Zealand: NBS, SPC and Macro, 2009",Reported,67.2,,,27.0
NPL,Nepal,SA,Central Asia and Southern Asia,Lower Middle Income,2016-17,2016,DHS,"Nepal Demographic and Health Survey 2016. Kathmandu, Nepal: Ministry of Health, Nepal. 2017",Reanalyzed,65.2,59.7,70.2,443.2
NLD,Netherlands,WE,Northern America and Europe,High Income,,,,,,,,,
NZL,New Zealand,EAP,Australia and New Zealand,High Income,,,,,,,,,
NIC,Nicaragua,LAC,Latin America and the Caribbean,Lower Middle Income,2011-12,2011,ONS,Encuesta Nicaragüense de Demografía y Salud 2011/12 - Informe Final,Reported,31.7,,,684.0
NER,Niger,WCA,Sub-Saharan Africa,Low Income,2012,2012,DHS,"Enquête démographique et de santé et indicateurs multiples du Niger 2012. Demographic and Health Surveys and MICS. Calverton, Maryland, USA: INS et ICF International, 2013",Reanalyzed,23.3,19.8,27.1,1479.9
NGA,Nigeria,WCA,Sub-Saharan Africa,Lower Middle Income,2018,2018,SMART,Nigeria National Nutrition and Health Survey 2018,Reanalyzed,25.2,22.5,28.0,1725.4
NIU,Niue,EAP,Oceania excluding Australia and New Zealand,Not Classified,,,,,,,,,
NOR,Norway,WE,Northern America and Europe,High Income,,,,,,,,,
OMN,Oman,MENA,Western Asia and Northern Africa,High Income,2016-17,2017,NNS,"Oman National Nutrition Survey 2017. Muscat, Oman, 2018",Reported,23.2,-,-,-
PAK,Pakistan,SA,Central Asia and Southern Asia,Lower Middle Income,2017-18,2018,DHS,"Pakistan Demographic and Health Survey 2017-18. Islamabad, Pakistan, and Rockville, Maryland, USA: NIPS and ICF",Reanalyzed,47.5,43.3,51.6,1138.9
PLW,Palau,EAP,Oceania excluding Australia and New Zealand,High Income,,,,,,,,,
PAN,Panama,LAC,Latin America and the Caribbean,High Income,2013,2013,MICS,"Panama Multiple Indicator Cluster Survey 2013. New York, United States: United Nations Children's Fund (UNICEF).",Reanalyzed,21.5,15.5,28.9,36486.9
PNG,Papua New Guinea,EAP,Oceania excluding Australia and New Zealand,Lower Middle Income,2016-2018,2018,DHS,"Papua New Guinea Demographic and Health Survey 2016-18. Port Moresby, Papua New Guinea, and Rockville, Maryland, USA: NSO and ICF. 2019",Reanalyzed,59.7,54.3,64.8,903.0
PRY,Paraguay,LAC,Latin America and the Caribbean,Upper Middle Income,2016,2016,MICS,Encuesta de Indicadores Multiples por Conglomerados MICS Paraguay 2016,Reanalyzed,29.6,23.4,36.6,423.0
PER,Peru,LAC,Latin America and the Caribbean,Upper Middle Income,2018,2018,DHS-Style,Encuesta DemogrÃ¡fica y de Salud Familiar-ENDES 2018 Nacional y Departamental,Reported,66.4,-,-,-
PHL,Philippines,EAP,Eastern Asia and South-eastern Asia,Lower Middle Income,2008,2008,DHS,"National Demographic and Health Survey 2008. Calverton, Maryland: NSO/Philippines and ICF Macro",Reanalyzed,33.0,29.1,37.1,568.7
POL,Poland,WE,Northern America and Europe,High Income,,,,,,,,,
PRT,Portugal,WE,Northern America and Europe,High Income,,,,,,,,,
QAT,Qatar,MENA,Western Asia and Northern Africa,High Income,2012,2012,MICS,"Multiple Indicator Cluster Survey (MICS) : 2012 Doha – Qatar, Ministry Of Development Planning and Statistics, 2014.",Reanalyzed,29.3,20.7,39.7,162.9
KOR,Republic of Korea,EAP,Eastern Asia and South-eastern Asia,High Income,,,,,,,,,
MDA,Republic of Moldova,EECA,Northern America and Europe,Lower Middle Income,2012,2012,MICS,"2012 Republic of Moldova multiple indicator cluster survey. Final report (MICS4). Chisinau, Republic of Moldova, 2014.",Reanalyzed,36.4,28.9,44.5,178.5
ROU,Romania,EECA,Northern America and Europe,High Income,2004,2004,ONS,Romania Reproductive Health Survey 2004.,Reported,15.8,,,
RUS,Russian Federation,EECA,Northern America and Europe,Upper Middle Income,,,,,,,,,
RWA,Rwanda,ESA,Sub-Saharan Africa,Low Income,2014-15,2014,DHS,"Rwanda Demographic and Health Survey 2014-15. Kigali, Rwanda: National Institute of Statistics of Rwanda, Ministry of Finance and Economic Planning/Rwanda, Ministry of Health/Rwanda, and ICF International",Reanalyzed,86.9,84.1,89.3,713.5
KNA,Saint Kitts and Nevis,LAC,Latin America and the Caribbean,High Income,,,,,,,,,
LCA,Saint Lucia,LAC,Latin America and the Caribbean,Upper Middle Income,2012,2012,MICS,"Saint Lucia multiple indicator cluster survey 2012: Final report. MICS. Castries, Saint Lucia, 2014.",Reanalyzed,3.5,0.7,15.1,26.3
VCT,Saint Vincent and the Grenadines,LAC,Latin America and the Caribbean,Upper Middle Income,,,,,,,,,
WSM,Samoa,EAP,Oceania excluding Australia and New Zealand,Upper Middle Income,2014,2014,DHS-Style,Samoa Demographic and Health Survey 2014,Reported,70.3,,,
SMR,San Marino,WE,Northern America and Europe,High Income,,,,,,,,,
STP,Sao Tome and Principe,WCA,Sub-Saharan Africa,Lower Middle Income,2014,2014,MICS,"Sao Tome and Principe Multiple Indicator Cluster Survey 2014, Final Report. São Tomé, Sao Tome and Principe, 2016.",Reanalyzed,71.7,63.8,78.5,178.2
SAU,Saudi Arabia,MENA,Western Asia and Northern Africa,High Income,,,,,,,,,
SEN,Senegal,WCA,Sub-Saharan Africa,Lower Middle Income,2017,2017,CDHS,"EnquÃªte Continue du SÃ©nÃ©gal, CinquiÃ¨me Phase 2017 : Rapport de synthÃ¨se. Rockville, Maryland, USA : ANSD et ICF",Reanalyzed,42.1,38.6,45.7,1039.1
SRB,Serbia,EECA,Northern America and Europe,Upper Middle Income,2014,2014,MICS,"2014 Serbia multiple indicator cluster survey and 2014 Serbia Roma Settlements multiple indicator cluster survey (MICS). Key findings. Belgrade, Serbia: Statistical Office of the Republic of Serbia and UNICEF, 2014.",Reanalyzed,12.8,5.8,26.2,321.1
SYC,Seychelles,ESA,Sub-Saharan Africa,High Income,,,,,,,,,
SLE,Sierra Leone,WCA,Sub-Saharan Africa,Low Income,2019,2019,DHS,"Sierra Leone Demographic and Health Survey 2019: Key Indicators. Freetown, Sierra Leone, and Rockville, Maryland, USA: Stats SL and ICF",Reported,54.1,-,-,-
SGP,Singapore,EAP,Eastern Asia and South-eastern Asia,High Income,,,,,,,,,
SVK,Slovakia,WE,Northern America and Europe,High Income,,,,,,,,,
SVN,Slovenia,WE,Northern America and Europe,High Income,,,,,,,,,
SLB,Solomon Islands,EAP,Oceania excluding Australia and New Zealand,Lower Middle Income,2015,2015,DHS-Style,"Solomon Islands Ministry of Health and Medical Services and the Pacific Community. 2017. Solomon Islands Demographic and Health Survey, 2015.",Reported,76.2,,,380.0
SOM,Somalia,ESA,Sub-Saharan Africa,Low Income,2009,2009,ONS,National Micronutrient and Anthropometric Survey Somalia 2009,Reported,5.3,3.1,9.2,
ZAF,South Africa,ESA,Sub-Saharan Africa,Upper Middle Income,2016,2016,DHS,"South Africa Demographic and Health Survey 2016. Pretoria, South Africa, and Rockville, Maryland, USA: NDoH, Stats SA, SAMRC, and ICF",Reanalyzed,31.6,25.6,38.3,345.3
SSD,South Sudan,ESA,Sub-Saharan Africa,Low Income,2010,2010,MICS,"South Sudan Household Survey 2010. Final Report (MICS4). Juba, South Sudan, 2013.",Reanalyzed,44.5,40.7,48.4,866.0
ESP,Spain,WE,Northern America and Europe,High Income,,,,,,,,,
LKA,Sri Lanka,SA,Central Asia and Southern Asia,Lower Middle Income,2016,2016,DHS-Style,Sri Lanka 2016 Demographic and Health Survey 2016 Final Report,Reported,82.0,,,
PSE,State of Palestine,MENA,Western Asia and Northern Africa,Lower Middle Income,2014,2014,MICS,"Palestinian multiple indicator cluster survey 2014: Key findings report (MICS). Ramallah, Palestine, 2014.",Reanalyzed,38.1,34.0,42.4,668.1
SDN,Sudan,ESA,Western Asia and Northern Africa,Low Income,2014,2014,MICS,"Multiple Indicator Cluster Survey 2014, Key Findings. Khartoum, Sudan: UNICEF and Central Bureau of Statistics (CBS), 2014.",Reanalyzed,54.6,50.5,58.6,1515.9
SUR,Suriname,LAC,Latin America and the Caribbean,Upper Middle Income,2010,2010,MICS,"Suriname multiple indicator cluster survey 2010, Final Report (MICS). Paramaribo, Suriname, 2012",Reanalyzed,2.8,1.4,5.6,286.0
SWE,Sweden,WE,Northern America and Europe,High Income,,,,,,,,,
CHE,Switzerland,WE,Northern America and Europe,High Income,,,,,,,,,
SYR,Syrian Arab Republic,MENA,Western Asia and Northern Africa,Low Income,2009,2009,PAPFAM,"Family health survey of the Arab Republic of Syria 2009: Principal report (PAPFAM). Cairo: The League of Arab States, 2011",Reported,42.6,,,
TJK,Tajikistan,EECA,Central Asia and Southern Asia,Low Income,2017,2017,DHS,"Tajikistan Demographic and Health Survey 2017: Key Indicators. Rockville, Maryland, USA: Statistical Agency under the President of the Republic of Tajikistan(SA), Ministry of Health and Social Protection of Population of the Republic of Tajikistan and ICF",Reanalyzed,35.8,30.9,41.1,587.8
THA,Thailand,EAP,Eastern Asia and South-eastern Asia,Upper Middle Income,2015-16,2015,MICS,"Thailand Multiple Indicator Cluster Survey 2015- 2016, Final Report, NSO and UNICEF, Bangkok, 2016",Reanalyzed,23.0,16.8,30.7,1138.0
MKD,North Macedonia,EECA,Northern America and Europe,Upper Middle Income,2011,2011,MICS,"Multiple indicator cluster survey 2011 (MICS). Skopje, the former Yugoslav Republic of Macedonia: Ministry of Health, Ministry of Education and Science,  Ministry of Labour and Social Policy, 2012.",Reanalyzed,23.0,15.2,33.3,114.3
TLS,Timor-Leste,EAP,Eastern Asia and South-eastern Asia,Lower Middle Income,2016,2016,DHS,"Timor-Leste Demographic and Health Survey 2016. Dili, Timor-Leste and Rockville, Maryland, USA: GDS and ICF",Reanalyzed,50.2,45.3,55.1,728.0
TGO,Togo,WCA,Sub-Saharan Africa,Low Income,2017,2017,MICS,"MICS6 TOGO, 2017, Rapport final. Lomé, Togo",Reanalyzed,64.3,58.4,69.8,492.8
TKL,Tokelau,EAP,Not Classified,Not Classified,,,,,,,,,
TON,Tonga,EAP,Oceania excluding Australia and New Zealand,Upper Middle Income,2012,2012,DHS-Style,"Tonga demographic and health survey 2012. Noumea, New Caledonia: Secretariat of the Pacific Community, 2013.",Reported,52.2,,,
TTO,Trinidad and Tobago,LAC,Latin America and the Caribbean,High Income,2011,2011,MICS,"Trinidad and Tobago Multiple Indicator Cluster Survey 2011, Key Findings & Tables. Port of Spain, Trinidad and Tobago: Ministry of Social Development and Familyvices, Central Statistical Office and UNICEF. 2017",Reanalyzed,21.5,13.4,32.5,103.0
TUN,Tunisia,MENA,Western Asia and Northern Africa,Lower Middle Income,2018,2018,MICS,"EnquÃªte par grappes Ã  indicateurs multiples (MICS), 2018, Rapport Final. Tunisie: le MinistÃ¨re du DÃ©veloppement de lâ€™Investissement et de la CoopÃ©ration Internationale (MDICI)",Reanalyzed,13.5,9.9,18.2,298.8
TUR,Turkey,EECA,Western Asia and Northern Africa,Upper Middle Income,2018-19,2018,DHS-Style,"2018 Turkey Demographic and Health Survey. Hacettepe University Institute of Population Studies, T.R. Presidency of Turkey Directorate of Strategy and Budget and TÃœBÄ°TAK, Ankara, Turkey.",Reported,40.7,-,-,-
TKM,Turkmenistan,EECA,Central Asia and Southern Asia,Upper Middle Income,2015-16,2015,MICS,Turkmenistan 2015-16 Multiple Indicator Cluster Survey,Reanalyzed,58.3,52.7,63.6,343.2
TCA,Turks and Caicos Islands,LAC,Not Classified,High Income,,,,,,,,,
TUV,Tuvalu,EAP,Oceania excluding Australia and New Zealand,Upper Middle Income,2007,2007,DHS-Style,"Tuvalu demographic and health survey. DHS. Noumea, New Caledonia: TCSD, SPC and Macro International Inc, 2007",Reported,34.7,,,
UGA,Uganda,ESA,Sub-Saharan Africa,Low Income,2016,2016,DHS,"Uganda Demographic and Health Survey 2016. Kampala, Uganda and Rockville, Maryland, USA: UBOS and ICF. 2018",Reanalyzed,65.5,62.3,68.5,1443.3
UKR,Ukraine,EECA,Northern America and Europe,Lower Middle Income,2012,2012,MICS,"Ukraine Multiple Indicator Cluster Survey 2012, Final Report.",Reanalyzed,19.7,13.8,27.4,358.1
ARE,United Arab Emirates,MENA,Western Asia and Northern Africa,High Income,,,,,,,,,
GBR,United Kingdom,WE,Northern America and Europe,High Income,,,,,,,,,
TZA,United Republic of Tanzania,ESA,Sub-Saharan Africa,Lower Middle Income,2018,2018,SMART,"Tanzania National Nutrition Survey using SMART Methodology (TNNS) 2018. Dar es Salaam, Tanzania: MoHCDGEC, MoH, TFNC, NBS, OCGS, and UNICEF.",Reported,57.8,-,-,-
USA,United States,NA,Northern America and Europe,High Income,2015-16,2016,NHANES,"National Health and Nutrition Examination Survey Data. Hyattsville, MD: U.S. Department of Health and Human Services, CDC, [2015-16]",Reanalyzed,34.7,18.8,55.0,-
URY,Uruguay,LAC,Latin America and the Caribbean,High Income,,,,,,,,,
UZB,Uzbekistan,EECA,Central Asia and Southern Asia,Lower Middle Income,2017,2017,NNS,"Uzbekistan 2017 Nutrition Survey, Tashkent, Uzbekistan, UNICEF 2019",Reanalyzed,49.5,41.9,57.1,247.0
VUT,Vanuatu,EAP,Oceania excluding Australia and New Zealand,Lower Middle Income,2013,2013,DHS-Style,"Vanuatu demographic and health survey 2013. Port Vila, Vanuatu, 2014.",Reported,72.6,, ,
VEN,Venezuela (Bolivarian Republic of),LAC,Latin America and the Caribbean,Upper Middle Income,1998,1998,ONS,Venezuela Encuesta Nacional de Poblacion y Vivienda. 1998,adjusted from reported values,7.1,-,-,-
VNM,Viet Nam,EAP,Eastern Asia and South-eastern Asia,Lower Middle Income,2013-14,2013,MICS,Monitoring the situation of children and women: Viet Nam Multiple Indicator Cluster Survey 2014,Reanalyzed,24.0,19.0,29.8,350.4
YEM,Yemen,MENA,Western Asia and Northern Africa,Low Income,2013,2013,DHS,"Yemen National Health and Demographic Survey 2013. Rockville, Maryland, USA: MOPHP, CSO, PAPFAM, and ICF International, 2014.",Reanalyzed,9.7,7.8,12.0,1643.1
ZMB,Zambia,ESA,Sub-Saharan Africa,Lower Middle Income,2018,2018,DHS,"Zambia Demographic and Health Survey 2018: Key Indicators. Rockville, Maryland, USA: Central Statistical Office, Ministry of Health, and ICF",Reanalyzed,69.9,66.6,72.9,1019.7
ZWE,Zimbabwe,ESA,Sub-Saharan Africa,Lower Middle Income,2019,2019,MICS,"Zimbabwe Multiple Indicator  Cluster Survey 2019, Survey Findings Report. Harare, Zimbabwe: ZIMSTAT and UNICEF",Reanalyzed,41.9,37.5,46.4,608.4