Fide id,Name,Federation,Gender,Year_of_birth,Title,Standard_Rating,Rapid_rating,Blitz_rating,Inactive_flag
700070,"Polgar, Judit",HUN,F,1976,GM,2675,2646,2736,wi
8602980,"Hou, Yifan",CHN,F,1994,GM,2658,2621,2601,
5008123,"Koneru, Humpy",IND,F,1987,GM,2586,2483,2483,
4147103,"Goryachkina, Aleksandra",RUS,F,1998,GM,2582,2502,2441,
700088,"Polgar, Susan",HUN,F,1969,GM,2577,,,wi
8600147,"Xie, Jun",CHN,F,1970,GM,2574,,,wi
8603006,"Ju, Wenjun",CHN,F,1991,GM,2560,2610,2536,
14109336,"Lagno, Kateryna",RUS,F,1989,GM,2546,2521,2608,
14114550,"Muzychuk, Mariya",UKR,F,1992,GM,2544,2506,2326,
12801259,"Cmilyte, Viktorija",LTU,F,1983,GM,2538,2394,2435,wi
14111330,"Muzychuk, Anna",UKR,F,1990,GM,2535,2533,2505,
13601903,"Dzagnidze, Nana",GEO,F,1987,GM,2524,2447,2391,
5015197,"Harika, Dronavalli",IND,F,1991,GM,2515,2450,2422,
8603642,"Tan, Zhongyi",CHN,F,1991,GM,2510,2501,2510,
8605114,"Lei, Tingjie",CHN,F,1997,GM,2505,2527,2530,
13600036,"Chiburdanidze, Maia",GEO,F,1961,GM,2500,2432,2437,wi
13700090,"Saduakassova, Dinara",KAZ,F,1996,IM,2500,2412,2378,
4198026,"Kashlinskaya, Alina",RUS,F,1993,IM,2494,2384,2364,
12512214,"Khademalsharieh, Sarasadat",IRI,F,1997,IM,2494,2393,2431,
8602727,"Ruan, Lufei",CHN,F,1987,WGM,2491,,,wi
8601283,"Zhao, Xue",CHN,F,1985,GM,2486,2442,2407,
8600430,"Wang, Lei",CHN,F,1975,WGM,2484,,,wi
4134974,"Kosintseva, Nadezhda",RUS,F,1985,GM,2483,2516,2519,wi
13703544,"Abdumalik, Zhansaya",KAZ,F,2000,IM,2478,2462,2409,
13600079,"Ioseliani, Nana",GEO,F,1962,IM,2475,,,wi
13601458,"Javakhishvili, Lela",GEO,F,1984,IM,2475,2383,2332,
4133471,"Kosintseva, Tatiana",RUS,F,1986,GM,2475,2496,2506,wi
4147855,"Pogonina, Natalija",RUS,F,1985,WGM,2475,2499,2311,
4641833,"Paehtz, Elisabeth",GER,F,1985,IM,2473,2369,2396,
4128125,"Kosteniuk, Alexandra",RUS,F,1984,GM,2471,2517,2521,
4195752,"Girya, Olga",RUS,F,1991,WGM,2469,2471,2297,
8600350,"Qin, Kanying",CHN,F,1974,WGM,2466,,,wi
8600635,"Xu, Yuhua",CHN,F,1976,GM,2465,,,wi
1700030,"Cramling, Pia",SWE,F,1963,GM,2464,2396,2320,
2902257,"Stefanova, Antoaneta",BUL,F,1979,GM,2462,2461,2485,
8608059,"Zhu, Jiner",CHN,F,2002,WGM,2459,2326,2249,
13602640,"Khotenashvili, Bela",GEO,F,1988,GM,2458,2413,2320,
13602993,"Batsiashvili, Nino",GEO,F,1987,GM,2457,2425,2278,
24171760,"Shuvalova, Polina",RUS,F,2001,WGM,2454,2379,2319,
4130189,"Atalik, Ekaterina",TUR,F,1982,IM,2450,2419,2228,
700231,"Polgar, Sofia",HUN,F,1974,IM,2450,,,wi
723916,"Dembo, Yelena",GRE,F,1983,IM,2448,,,wi
4144228,"Korbut, Ekaterina",RUS,F,1985,IM,2448,,,wi
13403729,"Mammadzada, Gunay",AZE,F,2000,IM,2443,2280,2242,
4129725,"Galliamova, Alisa",RUS,F,1972,IM,2438,2356,2412,wi
14101602,"Osmak, Iulija",UKR,F,1998,IM,2438,2356,2242,
617822,"Sebag, Marie",FRA,F,1986,GM,2438,2413,2482,
13903063,"Bulmaga, Irina",ROU,F,1993,IM,2434,2351,2335,
8602689,"Huang, Qian",CHN,F,1986,WGM,2433,2464,2311,
4167570,"Gunina, Valentina",RUS,F,1989,GM,2431,2427,2476,
2012782,"Krush, Irina",USA,F,1983,GM,2429,2392,2342,
13604040,"Arabidze, Meri",GEO,F,1994,IM,2428,2434,2432,
4900758,"Munguntuul, Batkhuyag",MGL,F,1987,IM,2428,2364,2285,
1106619,"Socko, Monika",POL,F,1978,GM,2428,2321,2289,
13509926,"Badelka, Olga",BLR,F,2002,IM,2427,2246,2197,
8604070,"Wang, Jue",CHN,F,1995,WGM,2426,2421,2378,
8600546,"Zhu, Chen",QAT,F,1976,GM,2423,2404,2378,wi
8602972,"Ding, Yixin",CHN,F,1991,WGM,2422,2349,2313,
13601377,"Matnadze, Ana",ESP,F,1983,IM,2421,2361,2438,
2090732,"Yip, Carissa",USA,F,2003,IM,2421,,1708,
14102463,"Alexandrova, Olga",ESP,F,1978,IM,2420,2406,2408,
14101572,"Zatonskih, Anna",USA,F,1978,IM,2420,2327,2331,
1122320,"Zawadzka, Jolanta",POL,F,1987,WGM,2419,2313,2257,
8604002,"Guo, Qi",CHN,F,1995,IM,2418,2446,2338,
13900145,"Skripchenko, Almira",FRA,F,1976,IM,2418,2227,2298,
14110911,"Ushenina, Anna",UKR,F,1985,GM,2416,2376,2387,
639370,"Guichard, Pauline",FRA,F,1988,IM,2415,2284,2270,
403512,"Hunt, Harriet V",ENG,F,1978,IM,2414,2391,,wi
7101937,"Sukandar, Irine Kharisma",INA,F,1992,IM,2413,2381,2313,
4181751,"Bodnaruk, Anastasia",RUS,F,1992,IM,2411,2308,2415,
1122681,"Cyfka, Karina",POL,F,1987,IM,2411,2330,2304,
14123622,"Buksa, Nataliya",UKR,F,1996,IM,2410,2213,2214,
13300210,"Danielian, Elina",ARM,F,1978,GM,2407,2358,2289,
12400149,"Hoang, Thanh Trang",HUN,F,1980,GM,2407,2338,2364,
2005956,"Levitina, Irina",USA,F,1954,WGM,2405,,,wi
308498,"Jackova, Jana",CZE,F,1982,IM,2402,,,wi
13308130,"Sargsyan, Anna M.",ARM,F,2001,WGM,2402,2304,2263,
623725,"Milliet, Sophie",FRA,F,1983,IM,2401,2381,2296,
8603162,"Shen, Yang",CHN,F,1989,IM,2401,2383,2331,
12802859,"Daulyte-Cornette, Deimante",LTU,F,1989,IM,2400,2362,2285,
14101181,"Gaponenko, Inna",UKR,F,1976,IM,2396,2375,2326,
1108166,"Rajlich, Iweta",POL,F,1981,IM,2394,2381,,wi
5091756,Vaishali R,IND,F,2001,WGM,2393,2149,2313,
1201930,"Peptan, Corina-Isabela",ROU,F,1978,IM,2392,2355,2293,
5007844,"Tania, Sachdev",IND,F,1986,IM,2392,2339,2280,
5019516,Kulkarni Bhakti,IND,F,1992,IM,2391,2325,2224,
4264312,"Tsolakidou, Stavroula",GRE,F,2000,IM,2391,2305,2343,
8608466,"Ni, Shiqun",CHN,F,1997,WGM,2389,2377,2186,
14109956,"Zdebskaja, Natalia",UKR,F,1986,WGM,2389,,,wi
3801934,"Cori T., Deysi",PER,F,1993,WGM,2388,2340,2391,
13300601,"Mkrtchian, Lilit",ARM,F,1982,IM,2388,2306,2319,
904180,"Maric, Alisa",SRB,F,1970,IM,2387,,,wi
8600406,"Wang, Pin",CHN,F,1974,WGM,2387,,,wi
4100123,"Bivol, Alina",RUS,F,1996,WGM,2386,2248,2219,
4116704,"Kovalevskaya, Ekaterina",RUS,F,1974,IM,2384,2282,2177,
2053900,"Wang, Annie",USA,F,2002,IM,2384,,2037,
13602888,"Guramishvili, Sopiko",NED,F,1991,IM,2383,2328,2321,
4900782,"Nomin-Erdene, Davaademberel",MGL,F,2000,IM,2383,2235,2188,
13403508,"Mammadova, Gulnar",AZE,F,1991,IM,2382,2400,2328,
405094,"Houska, Jovanka",ENG,F,1980,IM,2381,2317,2345,
4120876,"Turova, Irina",RUS,F,1979,IM,2381,2348,2388,
13600168,"Arakhamia-Grant, Ketevan",SCO,F,1968,GM,2380,2282,2177,
4119827,"Matveeva, Svetlana",RUS,F,1969,IM,2380,2338,2231,
2219026,"Vega Gutierrez, Sabrina",ESP,F,1987,IM,2380,2243,2248,
13708694,"Assaubayeva, Bibisara",KAZ,F,2004,FM,2378,2321,2232,
4149351,"Guseva, Marina",RUS,F,1986,IM,2378,2252,2259,
14203626,"Tokhirjonova, Gulrukhbegim",UZB,F,1999,WGM,2378,2330,2236,
4132190,"Zimina, Olga",ITA,F,1982,IM,2378,2327,2229,
13406396,"Balajayeva, Khanim",AZE,F,2001,WGM,2376,2093,2119,
13603620,"Paikidze, Nazi",USA,F,1993,IM,2374,2402,2314,wi
14104652,"Gritsayeva, Oksana",RUS,F,1980,WFM,2373,2173,2107,
13505211,"Ziaziulkina, Nastassia",BLR,F,1995,IM,2373,2299,2271,wi
4131827,"Ovod, Evgenija",RUS,F,1982,IM,2372,2235,2092,
2915138,"Salimova, Nurgyul",BUL,F,2003,IM,2372,2085,1973,
4166299,"Ambartsumova, Karina",RUS,F,1989,IM,2371,2328,2262,
717444,"Gara, Ticia",HUN,F,1984,WGM,2371,2274,2340,
13602446,"Melia, Salome",GEO,F,1987,IM,2370,2271,2211,
5029295,"Padmini, Rout",IND,F,1994,IM,2370,2355,2196,
3506940,"Ordaz Valdes, Lisandra Teresa",CUB,F,1988,IM,2369,2290,2301,
822590,"Brunello, Marina",ITA,F,1994,IM,2368,2316,2328,
12401226,"Pham, Le Thao Nguyen",VIE,F,1987,IM,2366,2377,2325,
8600201,"Zhai, Mo",CHN,F,1996,WGM,2366,2351,2342,
5050847,"Nandhidhaa, P V",IND,F,1996,WGM,2365,2131,1989,
908550,"Bojkovic, Natasa",SRB,F,1971,IM,2363,,,
13603434,"Tsatsalashvili, Keti",GEO,F,1992,WGM,2363,2191,2246,
6302920,"Yildiz Kadioglu, Betul Cemre",TUR,F,1989,WGM,2362,2365,2253,
7101570,"Aulia, Medina Warda",INA,F,1997,IM,2360,2344,2199,wi
14101610,"Vasilevich, Tatjana",UKR,F,1977,IM,2360,2193,2146,wi
3600270,"Fierro Baquero, Martha L.",ECU,F,1977,IM,2359,2304,2214,wi
13301918,"Abrahamyan, Tatev",USA,F,1988,WGM,2358,,2352,
1004786,"Peng, Zhaoqin",NED,F,1968,GM,2358,,2133,
34127035,"Garifullina, Leya",RUS,F,2004,WGM,2357,2236,2259,
4900839,"Batchimeg, Tuvshintugs",MGL,F,1986,IM,2356,2311,2295,wi
4180917,"Charochkina, Daria",RUS,F,1990,IM,2356,2275,2332,
705136,"Medvegy, Nora Dr.",HUN,F,1977,IM,2355,,,wi
24157570,"Dordzhieva, Dinara",RUS,F,1999,WIM,2354,2345,2273,
5013623,"Gomes, Mary Ann",IND,F,1989,WGM,2354,2305,2106,
14102358,"Kononenko, Tatiana",UKR,F,1978,IM,2353,2314,,wi
4162340,"Tomilova, Elena",RUS,F,1986,WGM,2353,2173,2124,
4104897,"Zaitseva, Ludmila G.",RUS,F,1956,WGM,2352,,,wi
5016193,"Soumya, Swaminathan",IND,F,1989,IM,2351,2249,2115,
1106686,"Michna, Marta",GER,F,1978,WGM,2350,2292,2377,
3202232,"Nutu-Gajic, Daniela",AUS,F,1957,WGM,2350,,,wi
3526216,"Hernandez Gil, Ineymig",CUB,F,2004,WFM,2348,,2017,
723894,"Lazarne Vajda, Szidonia",HUN,F,1979,IM,2348,2239,2347,
928682,"Stojanovic, Andjelija",SRB,F,1987,WGM,2348,2263,2293,
109878,"Lujan, Carolina",ARG,F,1985,IM,2346,2375,2294,
1003259,"Schuurman, Petra",NED,F,1968,FM,2346,,,wi
4699360,"Stock, Lara",CRO,F,1992,WGM,2346,,,wi
709751,"Gara, Anita",HUN,F,1983,IM,2345,2279,2244,
5012600,"Karavade, Eesha",IND,F,1987,IM,2345,2344,2258,
1101315,"Brustman, Agnieszka",POL,F,1962,WGM,2344,2347,2279,wi
12401838,"Vo, Thi Kim Phung",VIE,F,1993,WGM,2344,2208,2291,
4164083,"Kovanova, Baira",RUS,F,1987,WGM,2343,2315,2187,
4182146,"Voit, Daria",RUS,F,1994,WGM,2343,2361,2356,
13600230,"Alexandria, Nana",GEO,F,1949,WGM,2342,,,wi
13600656,"Lomineishvili, Maia",GEO,F,1977,IM,2342,2347,2348,wi
4139690,"Movsesian, Julia",SVK,F,1981,WGM,2342,2271,2354,
13602055,"Khukhashvili, Sopiko",GEO,F,1985,IM,2339,2309,2282,
750930,"Marjanovic, Annamaria",HUN,F,2001,WGM,2338,2251,2156,
739049,"Papp, Petra",HUN,F,1993,WGM,2338,2239,2259,
14110571,"Vozovic, Oksana",UKR,F,1985,WGM,2338,,2294,wi
1119990,"Zawadzka, Beata",POL,F,1986,WGM,2338,2242,,wi
1131044,"Kulon, Klaudia",POL,F,1992,IM,2336,2239,2272,
4159209,"Malysheva, Polina",RUS,F,1988,WIM,2336,,,wi
14102145,"Melamed, Tatjana",GER,F,1974,WGM,2336,2352,2363,
4139518,"Zaiatz, Elena",RUS,F,1969,IM,2336,2258,2342,wi
704458,"Grabics, Monika",HUN,F,1976,WGM,2335,,,wi
24606812,"Papp, Sarah",GER,F,1988,WGM,2334,2361,2325,
8602425,"Gong, Qianyun",SGP,F,1985,WGM,2333,2322,2257,
4196872,"Savina, Anastasia",RUS,F,1992,IM,2333,2220,2229,
14100126,"Shvayger, Yuliya",ISR,F,1994,IM,2332,2260,2223,
5004098,"Vijayalakshmi, Subbaraman",IND,F,1979,IM,2332,2262,2252,
322750,"Nemcova, Katerina",USA,F,1990,WGM,2331,2276,2361,wi
4137582,"Ubiennykh, Ekaterina",RUS,F,1983,WIM,2331,2310,2322,wi
6302599,"Ozturk, Kubra",TUR,F,1991,WGM,2330,2293,2384,
32084030,"Garcia Martin, Marta",ESP,F,2000,IM,2328,2097,2177,
8605912,"Li, Xueyi",CHN,F,1993,WGM,2328,2171,2091,
13704788,"Nakhbayeva, Guliskhan",KAZ,F,1991,IM,2328,2270,2185,
5000629,"Pratyusha, Bodda",IND,F,1997,WIM,2328,2094,2142,
14101513,"Zhukova, Natalia",UKR,F,1979,GM,2328,2312,2369,
14111390,"Hryhorenko, Nataliya",UKR,F,1986,WIM,2327,,,wi
8614750,"Ning, Kaiyu",CHN,F,2004,WIM,2327,1884,2013,
4000510,"Berend, Elvira",LUX,F,1965,WGM,2326,2326,2340,
14100380,"Litynska, Marta",UKR,F,1949,WGM,2326,,,wi
8602140,"Wang, Xuan",CHN,F,1986,,2326,,,wi
1118080,"Worek, Joanna",CZE,F,1986,WGM,2326,2307,2157,
24165956,"Chernyak, Viktoria",RUS,F,1997,WGM,2325,2232,2200,
1121979,"Majdan, Joanna",POL,F,1988,WGM,2325,2217,2249,
722855,"Rudolf, Anna",HUN,F,1987,IM,2325,,,wi
404683,"Sachs, Gulnara",ENG,F,1963,WIM,2325,,,wi
4108370,"Shumiakina, Tatiana",RUS,F,1965,WGM,2325,,,wi
14109395,"Struchkova, Svetlana",UKR,F,1963,WGM,2325,,,wi
14137054,"Berdnyk, Mariia",UKR,F,2003,FM,2324,2169,2054,
4623614,"Kachiani-Gersinska, Ketino",GER,F,1971,IM,2324,2308,,
1159569,"Antolak, Julia",POL,F,2000,WIM,2323,2130,2040,
8600643,"Li, Ruofan",CHN,F,1978,IM,2323,2363,2263,
1107445,"Dworakowska, Joanna",POL,F,1978,IM,2322,2237,2228,wi
700550,"Madl, Ildiko",HUN,F,1969,IM,2322,,,
12502014,"Pourkashiyan, Atousa",IRI,F,1988,WGM,2322,2290,2285,
2011905,"Shahade, Jennifer",USA,F,1980,WGM,2322,,2294,wi
2907763,"Videnova, Iva",BUL,F,1987,IM,2322,2319,2248,wi
1194763,"Waszczuk, Patrycja",POL,F,2003,WFM,2321,1962,1669,
4671660,"Schleining, Zoya",GER,F,1961,IM,2320,2340,,
4119118,"Shadrina, Tatiana",RUS,F,1974,WGM,2320,2349,2340,wi
13702971,"Dauletova, Gulmira",KAZ,F,1988,WGM,2319,2184,2205,
2810964,"Efroimski, Marsel",ISR,F,1995,WGM,2319,2163,2215,
4148827,"Karnaukhova, Elmira",RUS,F,1985,WGM,2319,,2290,wi
13603191,"Khomeriki, Nino",GEO,F,1998,WGM,2319,2342,2210,
936286,"Rakic, Marija",SRB,F,1990,WIM,2319,2272,2263,wi
1017292,"Haast, Anne",NED,F,1993,WGM,2318,,2320,
12528897,"Alinasab, Mobina",IRI,F,2000,WIM,2317,2143,2061,
1150677,"Sliwicka, Alicja",POL,F,2001,WIM,2317,2059,2181,
8601089,"Xu, Yuanyuan",CHN,F,1981,WGM,2317,2294,2281,
4105621,"Demina, Julia",RUS,F,1969,WGM,2316,2288,,wi
13702122,"Duisenova, Madina",KAZ,F,1983,WGM,2315,2323,,wi
4106121,"Idelchik, Liubov M",RUS,F,,,2315,,,wi
14609215,"Unuk, Laura",SLO,F,1999,WGM,2315,2187,2176,
2078341,"Yu, Jennifer",USA,F,2002,FM,2315,1862,1920,
4680790,"Graf, Rena",GER,F,1966,WGM,2314,,,wi
13400045,"Kadimova, Ilaha",AZE,F,1975,WGM,2314,2304,,wi
12956830,"Schulze, Lara",GER,F,2002,FM,2314,2125,2142,
4180640,"Vasilkova, Svetlana",RUS,F,1988,WIM,2314,,,wi
4500512,"Narva, Mai",EST,F,1999,WIM,2313,2213,2220,
13400010,"Sofieva, Ainur",AZE,F,1970,WGM,2313,,,wi
3520498,"Cervantes Landeiro, Thalia",USA,F,2002,FM,2311,1936,2021,
1201590,"Cosma, Elena-Luminita",ROU,F,1972,WGM,2311,2244,2079,
2000784,"Akhsharumova, Anna",USA,F,1957,WGM,2310,2287,,wi
3508072,"Forgas Moreno, Yaniela",CUB,F,1992,WIM,2310,2189,2108,
8601747,"Liu, Bairu",CHN,F,1982,,2310,,,wi
13402005,"Mamedjarova, Turkan",AZE,F,1989,WGM,2309,2243,2263,
13601440,"Gvetadze, Sofio",GEO,F,1983,IM,2308,2215,2289,
4682920,"Klink, Tamara",GER,F,1967,WGM,2308,,,wi
13602373,"Tsadzikidze, Natia",GEO,F,1983,WIM,2308,,,wi
13600788,"Edzgveradze, Natalia",GEO,F,1975,WGM,2307,,,wi
8603219,"Zhang, Xiaowen",CHN,F,1989,WGM,2307,2348,2265,
24173770,"Goltseva, Ekaterina",RUS,F,2002,FM,2306,2219,2225,
13600389,"Janjghava, Natia",GEO,F,1972,WIM,2306,2205,2118,wi
1033662,"Ratsma, Rosa",NED,F,1996,WIM,2306,,2241,
13602470,"Tsereteli, Tamar",GEO,F,1985,WGM,2306,,2312,wi
35006916,Divya Deshmukh,IND,F,2005,WIM,2305,1775,2239,
24153648,"Obolentseva, Alexandra",RUS,F,2001,WGM,2305,2213,2113,
4106970,"Stepovaia, Tatiana",RUS,F,1965,WGM,2305,,,wi
304050,"Krupkova, Petra",CZE,F,1976,WGM,2303,,,wi
937266,"Rapport, Jovana",SRB,F,1992,WGM,2303,2314,2218,
2204185,"Calzetta Ruiz, Monica",ESP,F,1972,WGM,2302,2103,2121,
3524531,"Hernandez Machado, Patricia M.",CUB,F,2003,WFM,2302,2011,1940,
3503151,"Pina Vega, Sulennis",CUB,F,1981,WGM,2302,,2315,wi
2915405,"Radeva, Viktoria",BUL,F,2001,WIM,2302,2052,1906,
13403052,"Fataliyeva, Ulviyya",AZE,F,1996,WGM,2301,2310,2240,
34106615,"Solozhenkina, Elizaveta",RUS,F,2003,WIM,2301,2232,2200,
8606161,"Xiao, Yiyi",CHN,F,1996,WGM,2301,2202,2205,
12505951,"Hejazipour, Mitra",IRI,F,1993,WGM,2300,2237,2239,
14900440,"Repkova, Eva",SVK,F,1975,IM,2300,2358,2285,
1213261,"Werle, Iozefina",NED,F,1989,WGM,2300,2261,2255,
4630610,"Borulya, Ekaterina Uriivna",GER,F,1969,WGM,2299,,,wi
4127714,"Ryjanova, Julia",AUS,F,1974,WGM,2299,2259,2232,
812153,"Sedina, Elena",ITA,F,1968,IM,2299,2264,2260,
13701282,"Zigangirova, Sofya",KAZ,F,1983,WIM,2299,,2121,wi
13301926,"Andriasyan, Siranush",ARM,F,1986,WIM,2298,2195,2145,
24142654,"Belenkaya, Dina",RUS,F,1993,WGM,2297,2135,2247,
1114581,"Matras-Clement, Agnieszka",CAN,F,1982,WIM,2297,2238,2224,
11601876,"Rogule, Laura",LAT,F,1988,WGM,2297,2285,2129,
8610835,"Yao, Lan",CHN,F,2000,WIM,2297,,2027,
13501542,"Azarova, Nadezhda",BLR,F,1983,WIM,2296,,,wi
24670057,"Klek, Hanna Marie",GER,F,1995,WGM,2296,,2255,
2922029,"Krasteva, Beloslava",BUL,F,2004,FM,2296,1605,1459,
24174220,"Shafigullina, Zarina",RUS,F,2001,WFM,2296,2186,2128,
14902052,"Theissl Pokorna, Regina",AUT,F,1982,WGM,2296,2285,2267,
13600222,"Gurieli, Nino",GEO,F,1961,IM,2295,2253,2266,wi
13601040,"Tammert, Iamze",GER,F,1971,WIM,2295,,,
4193172,"Timofeeva, Ekaterina",RUS,F,1989,WIM,2295,2315,,wi
12800619,"Ciuksyte, Dagne",ENG,F,1977,IM,2294,,2288,
8601097,"Wang, Yu A.",CHN,F,1982,IM,2294,2233,2291,
24633569,"Osmanodja, Filiz",GER,F,1996,WGM,2293,2154,2320,
938238,"Eric, Jovana",SRB,F,1992,WGM,2292,2199,2233,
13701037,"Sergeyeva, Mariya",KAZ,F,1983,WGM,2291,,2323,
4611870,"Keller-Hermann, Edith",GER,F,1921,WGM,2290,,,wi
4123662,"Lopatskaya, Elena V.",RUS,F,1976,WIM,2290,,,wi
14103885,"Shved, Irina",UKR,F,1970,WIM,2290,,,wi
8614300,"Song, Yuxin",CHN,F,2005,WIM,2290,2092,2192,
24119300,"Styazhkina, Anna",RUS,F,1997,WIM,2289,2178,2212,
1119907,"Toma, Katarzyna",ENG,F,1985,WGM,2289,2202,2210,
12401102,"Hoang, Thi Bao Tram",VIE,F,1987,WGM,2288,2322,2280,
4109040,"Mikhaylova, Irina",RUS,F,1963,WGM,2288,2260,1985,wi
4129903,"Sudakova, Irina",RUS,F,1982,WGM,2288,2201,2235,wi
4900227,"Uuriintuya, Uurtsaikh",MGL,F,1998,WGM,2288,1995,1966,wi
4902785,"Altantuya, Boldbaatar",MGL,F,2005,WFM,2287,1735,1877,
4176715,"Drogovoz, Irina",RUS,F,1999,WIM,2287,2256,2163,wi
1210246,"L'Ami, Alina",ROU,F,1985,IM,2287,2345,2249,
4690745,"Lubbe, Melanie",GER,F,1990,WGM,2287,,2263,
932400,"Injac, Teodora",SRB,F,2000,WIM,2286,2179,2316,
320242,"Olsarova, Karolina",CZE,F,1993,WGM,2286,2173,2176,
25050389,Vantika Agrawal,IND,F,2002,WIM,2286,1729,1820,
4140370,"Chistiakova, Tamara",RUS,F,1986,WFM,2285,2215,2245,wi
13301314,"Galojan, Lilit",ARM,F,1983,IM,2285,2282,2275,wi
14900866,"Hagarova, Zuzana",SVK,F,1977,IM,2285,2305,,
4108493,"Kharkova, Elena",RUS,F,,WIM,2285,,,wi
12400300,"Nguyen, Thi Thanh An",VIE,F,1976,WGM,2285,2220,2119,
1708830,"Agrest, Inna",SWE,F,1991,WIM,2284,2155,2095,
13600508,"Darchia, Diana",GEO,F,1977,WGM,2284,2278,,wi
2806819,"Gesser, Bella",ISR,F,1985,WGM,2284,,,wi
675946,"Navrotescu, Andreea-Cristiana",FRA,F,1996,WIM,2284,2220,2210,
34124184,"Borisova, Ekaterina",RUS,F,2000,FM,2283,2119,2102,
24125148,"Semenova, Elena",RUS,F,1992,WIM,2283,2117,2105,
12900460,"Heinemann, Josefine",GER,F,1998,WGM,2281,2177,2219,
3506487,"Llaudy Pupo, Lisandra",CUB,F,1988,WIM,2281,,2243,
14117665,"Malakhova, Elizaveta",UKR,F,1993,WGM,2281,2222,2142,wi
13402137,"Umudova, Nargiz",AZE,F,1989,WGM,2281,2157,2171,
4106431,"Korkina, Svetlana",RUS,F,1971,WIM,2280,,,wi
4616057,"Manakov, Marina",GER,F,1969,WIM,2280,,,wi
2054000,"Nguyen, Emily",USA,F,2002,WIM,2280,,1748,
4107268,"Sammula, Martinovna",RUS,F,,,2280,,,wi
4157087,"Bronnikova, Elizaveta",RUS,F,1985,WIM,2279,2174,2147,wi
949086,"Gajcin, Marina",SRB,F,2001,WIM,2279,2102,2186,
13402625,"Khalafova, Narmin",AZE,F,1994,WGM,2279,2031,2109,wi
11601124,"Reizniece-Ozola, Dana",LAT,F,1981,WGM,2279,2204,2232,
1130790,"Warakomska, Anna",POL,F,1992,WGM,2279,2108,2062,
13601105,"Goletiani, Rusudan",USA,F,1980,IM,2278,,,wi
4185641,"Ivakhinova, Inna",RUS,F,1989,WGM,2278,2349,2307,wi
4901878,"Munkhzul, Turmunkh",MGL,F,2002,WIM,2278,2044,2235,
4110943,"Smirnova, Ekaterina",RUS,F,1996,WIM,2278,2106,2072,
4608682,"Trabert, Bettina",GER,F,1969,WGM,2278,,,wi
4145933,"Zhuravleva, Olga",RUS,F,1984,WIM,2278,2176,2119,wi
14200686,"Koepke, Elena",GER,F,1984,WGM,2277,2264,2283,
309672,"Petrova, Kristyna",CZE,F,1992,WIM,2277,2244,2162,
13601431,"Charkhalashvili, Inga",GEO,F,1983,WGM,2276,2332,2219,
1331973,"Georgescu, Lena",SUI,F,1999,WIM,2276,2121,2256,
13500295,"Popova, Natalija",BLR,F,1976,WIM,2276,2171,2098,wi
13503189,"Sharevich, Anna",USA,F,1985,WGM,2276,2245,2261,wi
35006665,Sharma Isha,IND,F,2000,WIM,2276,1799,1834,
14102692,"Borzenkova, Irina",UKR,F,1976,,2275,,,wi
2801590,"Gershnik, Anna",USA,F,1975,WGM,2275,,,wi
2802015,"Klinova, Masha",ISR,F,1968,IM,2275,2301,2274,
24173606,"Afonasieva, Anna",RUS,F,2001,WIM,2274,2168,2086,
13401521,"Mamedjarova, Zeinab",AZE,F,1983,WGM,2274,2198,2250,
14201526,"Muminova, Nafisa",UZB,F,1990,WGM,2274,2325,2258,wi
2916711,"Peycheva, Gergana",BUL,F,2003,FM,2274,2035,1850,
13602659,"Purtseladze, Maka",GEO,F,1988,IM,2274,2229,2178,wi
8600520,"Lu, Xiaosha",CHN,F,1973,WIM,2273,,,wi
2921103,"Mehmed, Elif",BUL,F,2004,WFM,2273,1868,1687,
1208063,"Calotescu, Ana-Cristina",ROU,F,1983,WGM,2272,,,wi
24174041,"Maltsevskaya, Aleksandra",RUS,F,2002,WGM,2272,2356,2295,
2902265,"Alexieva, Silvia",FRA,F,1974,IM,2271,2286,2315,
4130510,"Dorofeeva, Anna",RUS,F,1979,WIM,2271,,,wi
34166146,"Getman, Tatyana",RUS,F,2003,WFM,2271,2177,2091,
24130010,"Kozhakina, Alena V.",RUS,F,1992,WFM,2271,,,wi
4163117,"Kucherova, Lija",RUS,F,1986,WGM,2271,,,wi
44157797,"Nasyrova, Ekaterina",RUS,F,2005,WFM,2271,2047,2097,
12500330,"Derakhshani, Dorsa",USA,F,1998,IM,2270,2029,2111,
13600125,"Gaprindashvili, Nona",GEO,F,1941,GM,2270,2199,2105,
4617339,"Juergens, Vera",GER,F,1969,WGM,2270,,,wi
24145084,"Maletina, Tatiana",RUS,F,1994,WIM,2270,2222,2227,
8600376,"Ning, Chunhong",CHN,F,1968,WGM,2270,,,wi
2200465,"Pares Vives, Natalia",ESP,F,1955,FM,2270,,,wi
14126869,"Potapova, Margarita",RUS,F,2000,WIM,2270,2184,2235,
12924997,"Schneider, Jana",GER,F,2002,FM,2270,2138,2028,
708780,"Terbe, Julianna",HUN,F,1997,WIM,2270,2237,2098,
13603108,"Mikadze, Miranda",GEO,F,1989,WGM,2269,2230,2244,
13600737,"Tqeshelashvili, Sopio",GEO,F,1979,WGM,2269,1966,1798,wi
13300695,"Vaganian, Irina",ARM,F,1963,WIM,2269,,,wi
34188859,"Yakimova, Mariya",RUS,F,2005,WFM,2269,2068,2049,
14107449,"Dornbusch, Tatiana",MNC,F,1982,WGM,2268,2248,2206,
14121093,"Prudnykova, Olga",UKR,F,1994,WIM,2268,2200,2162,wi
1204327,"Sandu, Mihaela",ROU,F,1977,WGM,2268,2185,2169,
4239873,"Avramidou, Anastasia",GRE,F,2000,FM,2267,2052,2183,
13400037,"Babayeva, Fanara",AZE,F,1972,WFM,2267,,,wi
8603995,"Gu, Tianlu",CHN,F,1997,WIM,2267,2155,2136,
8608709,"Ren, Xiaoyi",CHN,F,1996,WIM,2267,2254,2189,
14107503,"Rohonyan, Katerina",USA,F,1984,WGM,2267,,2321,wi
12506540,"Hakimifard, Ghazal",SUI,F,1994,WGM,2265,2188,2189,
11600438,"Klovane, Astra",LAT,F,1944,,2265,,,wi
14204487,"Yakubbaeva, Nilufar",UZB,F,2000,WIM,2265,1703,1706,
13903284,"Baciu, Diana",MDA,F,1994,WIM,2264,,,
14112930,"Boytsun, Olena",UKR,F,1983,WIM,2264,,,wi
13401807,"Abdulla, Khayala",AZE,F,1993,WGM,2263,2022,2060,
13413015,"Beydullayeva, Govhar",AZE,F,2003,WFM,2263,1924,1972,
4175026,"Cheremnova, Tamara",RUS,F,1989,WIM,2263,2228,2227,wi
8602611,"Gu, Xiaobing",CHN,F,1985,WGM,2263,2221,2174,
908029,"Maric, Mirjana",SRB,F,1970,WGM,2263,,,wi
25049615,Priyanka Nutakki,IND,F,2002,WIM,2263,1922,1916,
2266423,"Robles Garcia, Claudia",ESP,F,1990,WIM,2263,,,wi
13429310,"Dadashli, Narmin",AZE,F,1993,WFM,2262,,,wi
4162919,"Grigoryeva, Natalya",RUS,F,1982,,2262,,,wi
3511685,"Hernandez Moya, Yuleisy",CUB,F,1992,WGM,2262,,2156,
8607664,"Li, Yunshan",CHN,F,2002,WIM,2262,2028,1999,
3507700,"Miranda Llanes, Yerisbel",CUB,F,1987,WIM,2262,,2260,
54117739,"Nur-Mukhametova, Alisa",RUS,F,2005,,2262,2031,1819,
4119851,"Roschina, Tatiana",RUS,F,1976,WGM,2262,,,wi
4150740,"Burtasova, Anna",CAN,F,1987,WGM,2261,2265,2215,
4164903,"Lelekova, Olga",RUS,F,1987,WIM,2261,2190,2052,wi
4127951,"Mirzoeva, Elmira",RUS,F,1981,WGM,2261,2271,2135,wi
35061887,Savitha Shri B,IND,F,2007,WFM,2261,1687,1787,
8602816,"Zeng, Bei",CHN,F,,,2261,,,wi
4141237,"Ibragimova, Lilia",RUS,F,1966,,2260,2222,2204,wi
702358,"Ivanka, Maria",HUN,F,1950,WGM,2260,,,wi
4124111,"Karavaeva, Olga",RUS,F,1977,WIM,2260,2190,2105,wi
13600419,"Khurtsilava, Inga",GEO,F,1975,WGM,2260,2049,2074,wi
4185803,"Kostyuk, Tatiana",RUS,F,1979,,2260,,,wi
301680,"Kratochvilova, Jana",CZE,F,1999,,2260,,,wi
4173490,"Kuleshova, Nadezhda N",RUS,F,1985,,2260,,,wi
401510,"Lalic, Susan K",ENG,F,1965,IM,2260,,,wi
4149084,"Lidonova, Gulnara",RUS,F,1973,WFM,2260,,,wi
2808072,"Porat, Maya",ISR,F,1991,WIM,2260,,2180,
4108256,"Rubzova, Tatiana",RUS,F,1962,WGM,2260,2248,,wi
8600287,"An, Yangfeng",CHN,F,1963,WIM,2259,,,wi
1108824,"Bayer, Dorota",POL,F,1980,WIM,2259,,,wi
4108752,"Grabuzova, Tatiana",RUS,F,1967,WGM,2259,2202,2156,
1152254,"Kubicka, Anna",POL,F,1999,WIM,2259,2090,1992,
4152654,"Meshcheriakova, Evgenia",RUS,F,1985,WGM,2259,,,wi
2802244,"Pitam, Ella",ISR,F,1977,WGM,2259,,,wi
2102390,"Ratcu, Tatiana",BRA,F,1979,WIM,2259,,,wi
1019481,"Schut, Lisa",NED,F,1994,WIM,2259,2383,2234,wi
913553,"Velikic, Adela",SRB,F,1997,WIM,2259,2240,2132,
4640586,"Meier, Annemarie",GER,F,1957,,2258,,,wi
12401676,"Nguyen, Thi Mai Hung",VIE,F,1994,WGM,2258,2271,2129,
4172132,"Shulepina, Kristina",RUS,F,1987,WIM,2258,,,wi
4141296,"Vasilevich, Irina",RUS,F,1985,IM,2258,2176,2153,wi
14102110,"Zozulia, Anna",BEL,F,1980,IM,2258,2245,2277,wi
706787,"Felkai, Agnes",HUN,F,1974,,2257,,,wi
4123417,"Malina, Diana",RUS,F,1977,WFM,2257,2240,,wi
905992,"Markovic, Gordana",SRB,F,1951,WIM,2257,,,wi
2620472,"Ouellet, Maili-Jade",CAN,F,2002,WGM,2257,2113,1886,
4404564,"Rodriguez Rueda, Paula Andrea",COL,F,1996,IM,2257,2312,2199,wi
4617304,"Belic, Jordanka",SRB,F,1964,WGM,2256,,,
14905779,"Cibickova, Zuzana",SVK,F,1988,WGM,2256,2291,2234,
25096990,Mrudul Dehankar,IND,F,2004,WIM,2256,1586,1766,
1200712,"Olarasu, Gabriela",ROU,F,1964,WGM,2256,,,wi
1213776,"Sgircea, Silvia-Raluca",ROU,F,1989,WIM,2256,2196,2120,
6000347,"Corke, Anya S",ENG,F,1990,WGM,2255,,,wi
14102366,"Kalinina, Vladislava",UKR,F,1980,WIM,2255,,,wi
44164548,"Pogorelskikh, Sofia",RUS,F,2004,,2255,1912,1829,
2807602,"Gutmakher, Olga",ISR,F,1987,WIM,2254,2243,,
4113721,"Gvanceladze, Anna",RUS,F,1993,WFM,2254,2087,2053,
5201829,"Camacho, Chardine Cheradee",PHI,F,1994,WIM,2253,,2181,wi
5001080,"Mahalakshmi, M",IND,F,1998,WIM,2253,2060,2176,
13502875,"Romanova, Inna",BLR,F,1975,WGM,2253,,,wi
8601240,"Gao, Zhiqian",CHN,F,1973,,2252,,,wi
1135988,"Kantane, Anna",POL,F,1995,WIM,2252,2170,2083,
7101198,"Sihite, Chelsie Monica Ignesias",INA,F,1995,WIM,2252,2233,2224,wi
2109220,"Terao, Juliana Sayumi",BRA,F,1991,FM,2252,2212,2225,
8601704,"Xiao, Yue",CHN,F,1987,,2252,,,wi
4621905,"Delemarre, Isabel",GER,F,1978,WIM,2251,,,wi
704814,"Havanecz, Bianka",HUN,F,1994,WIM,2251,2139,,
13600974,"Imnadze, Nato",GEO,F,1996,WIM,2251,2144,2114,wi
3507831,"Perez Rodriguez, Jennifer",PAR,F,1987,WIM,2251,2150,2170,
14100703,"Andreieva, Olga A",UKR,F,1937,WIM,2250,,,wi
6364063,"Caglar, Sila",TUR,F,2004,WIM,2250,,1832,
14507943,"Franciskovic, Borka",CRO,F,1988,WIM,2250,2205,2258,
401927,"Needham, Teresa",ENG,F,1965,WIM,2250,,,wi
12500666,"Paridar, Shadi",IRI,F,1986,WGM,2250,,,wi
14501740,"Puljek-Salai, Zorica",CRO,F,1965,WIM,2250,,2142,wi
2003287,"Savereide, Diane",USA,F,1954,WIM,2250,,,wi
404292,"Sheldon, Ruth",ENG,F,1980,WIM,2250,,,wi
1008498,"De Jong-Muhren, Bianca",NED,F,1986,WGM,2249,,,wi
4110145,"Ovchinnikova, Julia",RUS,F,1965,WIM,2249,,,wi
4402472,"Rivera, Ingris",COL,F,1988,WIM,2249,2152,2116,
100536,"Amura, Claudia",ARG,F,1970,WGM,2248,2270,2239,
721530,"Schneider, Veronika",HUN,F,1987,WGM,2248,,2237,wi
14108623,"Kuharenko, Svetlana",UKR,F,1984,WIM,2247,,,wi
2908689,"Nikolova, Adriana",BUL,F,1988,WGM,2247,2276,2184,wi
4146794,"Novikova, Anna",RUS,F,1985,WIM,2247,2180,2114,
4189949,"Schepetkova, Margarita",RUS,F,1988,WIM,2247,2248,2087,
13706799,"Serikbay, Assel",KAZ,F,2002,WIM,2247,2075,2071,
13900285,"Wagener, Anna",LUX,F,1976,WGM,2247,2313,2240,
4106377,"Chekhova-Kostina, Tatiana M",RUS,F,1955,WIM,2246,2165,2075,wi
701068,"Veroci, Zsuzsa",HUN,F,1949,WGM,2246,,,wi
4158237,"Alliulova, Dina",RUS,F,1986,,2245,,,wi
4141911,"Druzhinina, Olga",RUS,F,1984,,2245,,2163,wi
14124327,"Efimenko, Maria",UKR,F,1996,WIM,2245,2295,2169,
14201437,"Gevorgyan, Irina",UZB,F,1990,WGM,2245,2126,2246,
13700081,"Khasanova, Flyura",KAZ,F,1964,WGM,2245,2208,2233,wi
13403710,"Mammadova, Narmin",AZE,F,1999,WIM,2245,2099,2003,
4132203,"Molchanova, Tatjana",RUS,F,1980,WGM,2245,2161,2220,wi
10500146,"Zainal, Farah Atiyah",BRU,F,,,2245,,2228,wi
8602867,"Zhang, Jilin",AUS,F,1986,WGM,2245,2246,,
3804178,"Chumpitaz, Ann",PER,F,1994,WIM,2244,2204,2168,wi
2080788,"Eswaran, Ashritha",USA,F,2000,WIM,2244,,,
8600740,"Guo, Jun",CHN,F,1973,WFM,2244,,,wi
618446,"Leconte, Maria",FRA,F,1970,WGM,2244,2188,2108,
4123891,"Loktionova, Natalia",RUS,F,1974,WIM,2244,2191,,wi
8618020,"Lu, Miaoyi",CHN,F,2010,,2244,1403,1545,
4109503,"Minogina, Tamara",RUS,F,1959,WIM,2244,2231,2138,wi
5024528,"Pujari, Rucha",IND,F,1994,WIM,2244,2141,2113,
1206729,"Voicu-Jagodzinsky, Carmen",ROU,F,1981,WGM,2244,2222,2193,
24115347,"Balaian, Alina",RUS,F,1992,WIM,2243,2165,2195,
1308521,"Mueller-Seps, Monika",SUI,F,1986,WGM,2243,2213,2198,wi
34111422,"Nosacheva, Mariya",RUS,F,2001,WFM,2243,2051,2069,
5043131,"Parnali, S Dharia",IND,F,1997,WIM,2243,1868,1962,
5015448,"Vinuthna, N.",IND,F,1987,WIM,2243,,,wi
14534215,"Cvitan, Ena",CRO,F,2001,FM,2242,1951,2016,
2072505,"Gorti, Akshita",USA,F,2002,FM,2242,2215,2144,wi
14605511,"Vidic, Teja",SLO,F,1998,WIM,2242,1946,1989,
1102575,"Erenska-Barlo, Hanna",POL,F,1946,WGM,2241,,1895,wi
4123859,"Kamenskaja, Olga",RUS,F,1971,WFM,2241,,,wi
4153987,"Komiagina, Maria",RUS,F,1984,WIM,2241,2098,2070,
8601585,"Na, Linna",CHN,F,1987,,2241,,,wi
1621629,"Newrkla, Katharina",AUT,F,1992,WIM,2241,2122,2164,
8601984,"Li, Lu",CHN,F,1981,,2240,,,wi
4129989,"Moskalyuk, Natalya",RUS,F,1979,WFM,2240,,,wi
4122895,"Neroda, Alexandra",RUS,F,1978,WIM,2240,,,wi
4194950,"Saulina, Varvara",RUS,F,1992,WFM,2240,2066,2060,
4127641,"Sheredina, Anna",RUS,F,1976,,2240,,,wi
13400029,"Velikhanli, Firuza",AZE,F,1970,WGM,2240,,,wi
12408956,"Bach, Ngoc Thuy Duong",VIE,F,2003,WIM,2239,1800,1865,
2813742,"Lahav, Michal",ISR,F,1999,WIM,2239,2018,2075,
34100200,"Lysenko, Margarita",RUS,F,1999,WFM,2239,2146,2217,
873349,"Movileanu, Daniela",ITA,F,1996,WFM,2239,2099,2231,
25014510,Aakanksha Hagawane,IND,F,2000,WIM,2238,1870,1971,
2915235,"Antova, Gabriela",BUL,F,2002,FM,2238,2110,2179,
7101244,"Citra, Dewi Ardhiani Anastasia",INA,F,1994,WIM,2238,2158,2120,wi
4655524,"Duppel, Tina",GER,F,1984,WIM,2238,,,wi
13401491,"Hojjatova, Aydan",AZE,F,1999,WGM,2238,2104,1990,wi
927007,"Manakova, Maria",SRB,F,1974,WGM,2238,2239,2136,
14102412,"Sarana-Hungeling, Oksana",GER,F,1979,WGM,2238,,,wi
715352,"Kiss, Fernanda",HUN,F,1979,WIM,2237,,,wi
8602158,"Li, Nan",CHN,F,1987,,2237,,,wi
8602310,"Liu, Pei",CHN,F,1988,WIM,2237,,,wi
4652819,"Naiditsch, Irina",GER,F,1986,,2237,,,wi
4163591,"Nebolsina, Vera",RUS,F,1989,WGM,2237,2197,2208,
1705032,"Agrest, Svetlana",SWE,F,1966,WIM,2236,,,wi
4152832,"Gromova, Iulia",RUS,F,1985,WIM,2236,2132,2093,wi
4194594,"Chernova, Anastasia",RUS,F,1989,,2235,,,wi
5045118,Cholleti Sahajasri,IND,F,1996,WIM,2235,1976,1988,
13703595,"Davletbayeva, Madina",KAZ,F,1989,WGM,2235,2226,2115,
2008602,"Hahn, Anna",USA,F,1976,WIM,2235,,,wi
4612191,"Heintze, Marion",GER,F,1954,WIM,2235,,,wi
14109190,"Hrabinska, Myroslava",UKR,F,1984,WGM,2235,2079,2240,wi
4123352,"Krylova, Olga",RUS,F,,WIM,2235,,,wi
12401285,"Pham, Bich Ngoc",VIE,F,1990,WIM,2235,2181,2257,
4109791,"Putjatina, Nadezhda",RUS,F,,,2235,,,wi
14132400,"Shpanko, Nadiia",UKR,F,2002,WIM,2235,2069,2121,
4135504,"Zakurdjaeva, Irina",RUS,F,1982,WGM,2235,2186,2179,wi
3506355,"Corrales Jimenez, Zenia",MEX,F,1989,WIM,2234,2176,2220,
2905612,"Genova, Lyubka",BUL,F,1983,WIM,2234,2230,2224,
14201780,"Kurbonboeva, Sarvinoz",UZB,F,1994,WGM,2234,2129,2054,
1210785,"Moldovan, Corina",ROU,F,1983,WIM,2234,2218,,wi
4636546,"Schmidt, Jessica",GER,F,1979,WGM,2234,2219,,
4158296,"Dolgova, Olga",LAT,F,1987,WIM,2233,2139,2140,wi
1209914,"Dragomirescu, Angela",ROU,F,1973,WIM,2233,2188,2237,
2801035,"Kristol, Luba",ISR,F,1944,WIM,2233,,,wi
4149068,"Akhmetshina, Alina",RUS,F,1984,WFM,2232,,,wi
14105551,"Cherednichenko, Svetlana",UKR,F,1984,WGM,2232,2277,,wi
4185609,"Ilchenko, Nadezhda",RUS,F,1986,WIM,2232,,,wi
4109228,"Kryukova, Irina",RUS,F,1968,WGM,2232,,2240,wi
22247270,"Nicolas Zapata, Irene",ESP,F,1997,WIM,2232,2188,2192,
14109794,"Areshchenko, Kateryna",UKR,F,1985,WGM,2231,,2207,wi
13712802,"Kamalidenova, Meruert",KAZ,F,2005,WFM,2231,1875,2085,
14400073,"Misanovic, Vesna",BIH,F,1964,WGM,2231,,,
4121465,"Rakitskaja, Mariya",RUS,F,1972,,2231,,,wi
8602824,"Tu, Haiqiong",CHN,F,1975,,2231,,,wi
4107985,"Arbatskaia, N",RUS,F,1971,,2230,,,wi
2019507,"Battsetseg, Tsagaan",USA,F,1972,WIM,2230,,,wi
4900588,"Battsetseg, Tuvshintugs",MGL,F,1978,WIM,2230,,,wi
14100959,"Dekusar, Maria",UKR,F,1972,WIM,2230,,,wi
4140443,"Khusnutdinova, Luiza",RUS,F,1983,WIM,2230,,,wi
12401013,"Luong, Phuong Hanh",VIE,F,1983,WIM,2230,2132,2119,
14904888,"Maslikova, Veronika",SVK,F,1986,WIM,2230,,2260,
24173371,"Dimitrova, Aleksandra",RUS,F,2000,WIM,2229,2066,1946,
14112035,"Doluhanova, Evgeniya",UKR,F,1984,WGM,2229,2234,2153,
116459,"Fernandez, Maria Florencia",ARG,F,1991,WIM,2229,2116,2184,
4144210,"Kharashkina, Bairta",RUS,F,1982,WFM,2229,,,wi
4166736,"Kirillova, Varvara",RUS,F,1987,WIM,2229,,,wi
3601617,"Velazquez Garcia, Maria",ECU,F,1984,WFM,2229,,,wi
505161,"Zhou, Qiyu",CAN,F,2000,FM,2229,,1925,
14117258,"Babiy, Olga",UKR,F,1989,WGM,2228,2238,2304,
4901444,"Enkhtuul, Altan-Ulzii",MGL,F,1994,WGM,2228,2039,2059,
1212915,"Foisor, Sabina-Francesca",USA,F,1989,WGM,2228,2312,2240,
13300270,"Gevorgyan, Maria",ARM,F,1994,WGM,2228,2147,2210,
872342,"Gueci, Tea",ITA,F,1999,WIM,2228,2055,2142,
350591,"Richterova, Natasa",CZE,F,1996,WIM,2228,2139,2143,
11602260,"Amerika, Katrina",LAT,F,1991,WIM,2227,2130,2117,
14107244,"Arutyunova, Diana",UKR,F,1988,WGM,2227,2167,2203,wi
4158067,"Knyaginicheva, Irina",RUS,F,1985,WFM,2227,,,wi
14601982,"Krivec, Jana",SLO,F,1980,WGM,2227,2179,2053,
4149564,"Malgina, Tatiana",RUS,F,1984,WIM,2227,2244,2191,wi
24142573,"Niyazgulova, Marina",RUS,F,1995,WIM,2227,2248,2087,wi
14102404,"Rudolph, Anna",GER,F,1978,WIM,2227,,,wi
4130944,"Svistun, Olga",RUS,F,1977,WIM,2227,2238,,wi
1114158,"Jakubiec, Edyta",POL,F,1981,WIM,2226,2156,2041,
32099568,"Kolotilina, Liudmila",ESP,F,1983,WFM,2226,2085,2074,
14112116,"Kostiukova, Liubov",UKR,F,1983,IM,2226,,,wi
4149106,"Norina, Viktoria",RUS,F,1967,WFM,2226,,,wi
4175840,"Tarasova, Viktoriya",RUS,F,1989,WIM,2226,2197,2182,wi
5091241,"Varshini, V",IND,F,1998,WGM,2226,1910,2061,
4119908,"Davidova, Elena",RUS,F,1970,WFM,2225,,,wi
2201550,"Garcia Padron, M Del Pino",ESP,F,1961,,2225,,,wi
13500414,"Khorovets-Aiedinova, Elmira",BLR,F,1963,WFM,2225,,,wi
14101530,"Lymar, Irina",UKR,F,1974,WGM,2225,,,wi
7100370,"Sulistya, Maria Lucia Ratna",INA,F,1975,WIM,2225,,,wi
8604541,"Yuan, Yuanling",CAN,F,1994,WIM,2225,2237,2217,wi
8602905,"Zhou, Guijue",CHN,F,1985,WIM,2225,2178,,
22200371,"Aranaz Murillo, Amalia",ESP,F,1995,WIM,2224,2278,,wi
1009311,"Bensdorp-De Labaca, Marlies",NED,F,1985,WIM,2224,2254,2156,
928615,"Chelushkina, Irina",SRB,F,1961,WGM,2224,2283,2256,
4167945,"Makarova, Natalia",RUS,F,1982,,2224,,,wi
4503082,"Olde, Margareth",EST,F,2000,WFM,2224,2008,2013,
24142565,"Baraeva, Irina",RUS,F,1995,WIM,2223,2200,2136,wi
642002,"Benmesbah, Natacha",FRA,F,1989,WIM,2223,2193,2271,
13902911,"Butuc, Maria",RUS,F,1993,WIM,2223,2128,2144,wi
743585,"Juhasz, Barbara",HUN,F,1995,WIM,2223,2122,2214,
1234765,"Lehaci, Miruna-Daria",ROU,F,2004,WFM,2223,1847,1748,
1625268,"Schnegg, Anna-Lena",AUT,F,1998,WFM,2223,2041,2185,
8602093,"Wang, Fang",CHN,F,1989,,2223,,,wi
4157214,"Alexandrova, Varvara",RUS,F,1985,WFM,2222,,,wi
4200446,"Botsari, Anna-Maria",GRE,F,1972,WGM,2222,,2374,wi
13300946,"Ghukasyan, Siranush",ARM,F,1998,WIM,2222,,1953,
14102455,"Kubata, Viktoria",UKR,F,1979,WIM,2222,,,wi
14134039,"Martynkova, Olena",UKR,F,2000,WIM,2222,2044,2076,
4139550,"Mukhortova, Elena",RUS,F,1982,,2222,,,wi
4110110,"Steinberg, Jana",RUS,F,1972,WFM,2222,,,wi
777765,"Gaal, Zsoka",HUN,F,2007,WFM,2221,1928,1707,
13602586,"Gavasheli, Ana",GEO,F,1987,WIM,2221,2036,2134,
2019558,"Grinfeld, Alla B",USA,F,1953,WGM,2221,,,wi
4129709,"Kursova, Maria",ARM,F,1986,WGM,2221,2281,,
22238255,"Perera Borrego, Maria Adela",ESP,F,1994,WIM,2221,2081,2155,
634581,"Congiu, Mathilde",FRA,F,1989,WIM,2220,2198,,
2006723,"Levitan, Yuliya",USA,F,1973,WIM,2220,,2220,wi
4125070,"Lysova, Olga",RUS,F,1980,WIM,2220,,,wi
1116738,"Mickiewicz, Maria",POL,F,1984,WIM,2220,2090,,wi
4108531,"Mulenko, Lydia N",RUS,F,,WIM,2220,,,wi
8605610,"Nie, Xin",CHN,F,1997,,2220,,2092,
4116909,"Severina, Maria",RUS,F,1995,WIM,2220,2231,2202,wi
4128435,"Shmidt, Elena",RUS,F,1976,WIM,2220,2004,2106,wi
4123832,"Bilenko, Larisa",RUS,F,1955,,2219,,,wi
4132432,"Kanaeva, Irina",RUS,F,1994,WFM,2219,2164,2094,wi
4153308,"Kornilova, Ekaterina",RUS,F,1985,WFM,2219,,,wi
1106660,"Krupa, Monika",POL,F,1977,WGM,2219,2150,,wi
12971367,"Muetsch, Annmarie",GER,F,2002,WIM,2219,2188,2272,
5055903,"Srija, Seshadri",IND,F,1997,WGM,2219,2087,1995,
2806088,"Botvinnik, Irina",ISR,F,1961,WFM,2218,,,wi
5700965,"Foudzi, Siti Zulaikha",MAS,F,1988,WIM,2218,,,wi
4205472,"Papadopoulou, Vera",GRE,F,1986,WIM,2218,,,wi
5082986,"Priyanka, K",IND,F,2001,WIM,2218,1810,1893,
14507323,"Saric, Kristina",CRO,F,1986,WIM,2218,2186,,
5001056,"Saritha, M. Reddy",IND,F,1972,WIM,2218,,,wi
4107284,"Sirotkina, Nina",RUS,F,1964,WIM,2218,2088,2058,
4128311,"Timurova, Lilia",RUS,F,1981,WIM,2218,,2021,wi
3507041,"Vigoa Apecheche, Yanira",USA,F,1987,WGM,2218,,2276,wi
2903229,"Djingarova, Emilia",BUL,F,1978,WGM,2217,,,
13402951,"Kazimova, Narmin",AZE,F,1993,WGM,2217,,2269,
5018242,"Koneru, Chandra Hawsa",IND,F,1988,,2217,,,wi
13711261,"Nurgali, Nazerke",KAZ,F,2004,WIM,2217,2044,2158,
1002457,"Sziva, Erika",NED,F,1967,WGM,2217,,,
8601925,"Zhao, Dindin",CHN,F,1984,,2217,,,wi
24605611,"Fuchs, Judith",GER,F,1990,WGM,2216,2291,2326,
14113767,"Moskalets, Svetlana",UKR,F,1988,WIM,2216,2200,2095,wi
929700,"Prudnikova, Svetlana",SRB,F,1967,WGM,2216,2201,,
34130249,"Sakorenko, Adriana",RUS,F,2001,WFM,2216,1942,1883,
4164970,"Bykova, Anastasia",RUS,F,1997,WFM,2215,2200,2177,
5000882,"Khadilkar, Rohini",IND,F,1963,WIM,2215,,,wi
3504794,"Linares Napoles, Oleiny",CUB,F,1983,WGM,2215,,2357,
4127609,"Mashinskaya, Iulia",RUS,F,1977,IM,2215,2160,,wi
909807,"Nedeljkovic, Verica",SRB,F,1929,WGM,2215,,,wi
11602252,"Ni, Viktorija",USA,F,1991,WIM,2215,2125,2183,wi
2097478,"Samadashvili, Martha",USA,F,2004,WFM,2215,,,
4122682,"Vlasova, Nataliya",RUS,F,1980,WIM,2215,2020,2032,wi
12400386,"Vo, Hong Phuong",VIE,F,1979,WFM,2215,,,wi
4128168,"Zamanova, Natalija",RUS,F,1968,,2215,,,wi
4176766,"Doroshenko, Diana",RUS,F,1992,WIM,2214,,2084,
1005308,"Lanchava, Tea",NED,F,1974,IM,2214,,,
13601717,"Maisuradze, Nino",FRA,F,1982,WGM,2214,2216,2175,
4136632,"Melnikova, Yana",RUS,F,1984,WGM,2214,,,wi
13500996,"Tetenkina, Irina",SWE,F,1978,WIM,2214,2190,,wi
2022966,"Zenyuk, Iryna",USA,F,1986,CM,2214,,,wi
14118874,"Zubova, Mariya",UKR,F,1992,WFM,2214,2032,2035,
14100754,"Baklanova, Tatiana",UKR,F,1972,WIM,2213,2153,2058,
4603966,"Fischdick, Gisela",GER,F,1955,WGM,2213,,2213,wi
1206435,"Hamdouchi, Adina-Maria",FRA,F,1979,WGM,2213,,2208,wi
13403893,"Ibrahimova, Sabina",AZE,F,1995,WIM,2213,2005,1936,
705128,"Lakos, Nikoletta",HUN,F,1978,WGM,2213,2237,,
8603685,"Shou, Qin",CHN,F,1989,,2213,,,wi
14114917,"Sluzhbina, Anastasiya",UKR,F,1987,WIM,2213,,,wi
8601291,"Yang, Minjie",CHN,F,,,2213,,,wi
12560715,"Zahedifar, Anahita",IRI,F,2003,WFM,2213,1961,2036,
4189639,"Efimova, Olga A.",RUS,F,1985,WFM,2212,,,wi
12571490,"Mahdian, Anousha",IRI,F,2003,WFM,2212,1800,1788,
4108868,"Alekhina, Natalia V",RUS,F,1954,WGM,2211,,,
4402413,"Castrillon Gomez, Melissa",COL,F,1995,WIM,2211,2150,2101,